ID,社名（日本語）,社名（英語）,都道府県,地域,カテゴリ,説明（日本語）,説明（英語）,公式URL,従業員数,資本金（万円）,公式サイト確認
hk001,六花亭製菓,Rokkatei Confectionery,北海道,北海道,食品・調味料,マルセイバターサンドで知られる老舗菓子,Heritage confectioner famed for Marusei butter sand,https://www.rokkatei.co.jp/,,,確認済み
hk002,ロイズコンフェクト,Royce' Confect,北海道,北海道,食品・調味料,生チョコレート発祥のショコラティエ,Chocolatier behind Japan's nama-chocolate,https://www.royce.com/,,,確認済み
hk003,よつ葉乳業,Yotsuba Milk Products,北海道,北海道,食品・調味料,北海道産生乳100%の乳製品メーカー,Dairy maker using 100% Hokkaido milk,https://www.yotsuba.co.jp/,,,
hk004,白い恋人パーク（石屋製菓）,Ishiya Confectionery,北海道,北海道,食品・調味料,白い恋人を製造する札幌の菓子メーカー,Sapporo confectioner of Shiroi Koibito,https://www.ishiya.co.jp/,,,確認済み
hk005,昆布森,Konbumori,北海道,北海道,食品・調味料,釧路産の天然昆布専門メーカー,Kushiro-based natural kelp specialist,,,,
hk006,福山醸造,Fukuyama Brewing,北海道,北海道,食品・調味料,札幌の老舗醤油・味噌メーカー,Long-established Sapporo soy sauce maker,https://www.tomoechan.co.jp/,,,確認済み
hk008,佐藤水産,Sato Suisan,北海道,北海道,食品・調味料,石狩・札幌の鮭製品の老舗,Long-standing salmon products maker,https://www.sato-suisan.co.jp/,,,確認済み
hk009,北菓楼,Kitakaro,北海道,北海道,食品・調味料,バウムクーヘン・シュークリームの菓子メーカー,Confectioner of baumkuchen & cream puffs,https://www.kitakaro.com/,,,確認済み
hk010,きのとや,Kinotoya,北海道,北海道,食品・調味料,札幌生まれの焼きたてチーズタルト,Sapporo-born baked cheese tart maker,https://www.kinotoya.com/,,,確認済み
hk011,北海道ワイン,Hokkaido Wine,北海道,北海道,酒造,小樽の地ワインメーカー、ナイヤガラ品種,"Otaru winery, known for Niagara grapes",https://www.hokkaidowine.com/,,,確認済み
hk012,千歳鶴 (日本清酒),Nihon Seishu (Chitosetsuru),北海道,北海道,酒造,札幌唯一の蔵元・千歳鶴ブランド,"Sapporo's sole sake brewery, Chitosetsuru",https://www.nipponseishu.co.jp/,,,確認済み
hk013,男山酒造,Otokoyama Brewery,北海道,北海道,酒造,旭川の地酒蔵、寒造りの淡麗辛口,"Asahikawa sake brewer, dry winter brew",https://www.otokoyama.com/,,,確認済み
hk014,高砂酒造,Takasago Brewery,北海道,北海道,酒造,旭川の老舗酒蔵、国士無双ブランド,"Asahikawa brewery, Kokushi Musou label",https://www.takasagoshuzo.com/,,,確認済み
hk015,国稀酒造,Kunimare Brewery,北海道,北海道,酒造,増毛の最北の蔵元,"Mashike, Japan's northernmost sake brewer",https://www.kunimare.co.jp/,,,確認済み
hk016,上川大雪酒造,Kamikawa Taisetsu,北海道,北海道,酒造,上川町の小規模蔵、限定流通,Small-batch brewer in Kamikawa town,https://kamikawa-taisetsu.co.jp/,,,確認済み
hk020,ノースファーム,North Farm Stock,北海道,北海道,食品・調味料,岩見沢のジャム・ドレッシングメーカー,Iwamizawa jam & dressing maker,https://www.northfarmstock.com/,,,確認済み
hk023,旭川家具クラフト,Asahikawa Furniture Craft,北海道,北海道,木工・家具,旭川家具工業共同組合の地場メーカー,Asahikawa furniture industry maker,https://asahikawa-kagu.or.jp/,,,
hk024,カンディハウス,Conde House,北海道,北海道,木工・家具,旭川発の高品質木製家具,Asahikawa premium wooden furniture,https://www.condehouse.co.jp/,,,確認済み
hk026,北の住まい設計社,Kita no Sumai Sekkeisha,北海道,北海道,木工・家具,東川町のオーダー家具・木製キッチン,Higashikawa custom wood furniture,https://www.kitanosumai-sekkeisha.com/,,,確認済み
hk029,アミノアップ,Amino Up,北海道,北海道,サプリ・健康食品,江別市の機能性健康食品メーカー,Ebetsu functional health food maker,https://www.aminoup.co.jp/,,,確認済み
am002,津軽びいどろ (北洋硝子),Hokuyo Glass (Tsugaru Vidro),青森,東北,硝子・陶磁器,青森の伝統的なびいどろガラス,Aomori traditional vidro glassware,https://tsugaruvidro.jp/,,,確認済み
am005,シャイニー (青森県農協),Shiny Apple,青森,東北,食品・調味料,県農協のりんごジュース,Apple juice from Aomori farmers' co-op,https://www.shinyapple.jp/,,,確認済み
am006,カネショウ,Kaneshou,青森,東北,食品・調味料,弘前のりんご酢専門メーカー,Hirosaki apple vinegar specialist,https://kaneshou.co.jp/,,,確認済み
am007,八戸缶詰,Hachinohe Canning,青森,東北,食品・調味料,八戸の鯖缶・海産缶詰,Hachinohe mackerel & seafood canning,https://www.hachikan.co.jp/,,,
am008,八戸酒造,Hachinohe Brewery,青森,東北,酒造,陸奥八仙の蔵元,Mutsu Hassen sake brewery,https://hachinohe-shuzo.com/,,,確認済み
am009,西田酒造店,Nishida Sake Brewery,青森,東北,酒造,青森の田酒で知られる蔵元,Aomori brewer of Denshu sake,https://www.densyu.co.jp/,,,確認済み
am010,鳩正宗,Hatomasamune,青森,東北,酒造,十和田の地酒蔵,Towada local sake brewery,https://www.hatomasa.jp/,,,確認済み
am011,六花酒造,Rokka Brewery,青森,東北,酒造,じょっぱりブランドの蔵元,Maker of Joppari sake,https://rokkashuzo.com/,,,確認済み
am014,南部裂織保存会,Nanbu Sakiori,青森,東北,アパレル・繊維,南部の裂織織物工房,Nanbu rag-weaving workshop,https://sakiori.jp/,,,
am016,あおもり藍,Aomori Ai,青森,東北,アパレル・繊維,青森産藍染め製品,Aomori indigo dye products,https://www.aomoriai.com/,,,確認済み
iw001,及富 (南部鉄器),Oitomi Nanbu Tekki,岩手,東北,刃物・金物,奥州市の南部鉄器老舗,Long-established Nanbu ironware,https://oitomi.jp/,,,確認済み
iw002,岩鋳,Iwachu,岩手,東北,刃物・金物,盛岡の南部鉄器メーカー,Morioka Nanbu ironware maker,https://www.iwachu.co.jp/,,,確認済み
iw003,釜定,Kamasada,岩手,東北,刃物・金物,盛岡の南部鉄器デザイン工房,Morioka Nanbu ironware design atelier,,,,確認済み
iw004,OIGEN,OIGEN (Oitomi),岩手,東北,刃物・金物,南部鉄器をモダンデザインに展開,Modern Nanbu ironware brand,https://oigen.jp/,,,確認済み
iw005,鈴木盛久工房,Suzuki Morihisa,岩手,東北,刃物・金物,江戸期から続く南部鉄器の名門,Edo-period Nanbu ironware lineage,https://suzukimorihisa.com/,,,確認済み
iw006,岩手南部鉄器協同組合,Iwate Nanbu Tekki Coop,岩手,東北,刃物・金物,岩手の鉄器組合・伝統工芸,Iwate ironware cooperative,https://www.ginga.or.jp/nanbu/,,,
iw007,わんこそば老舗 東家,Azumaya Wanko Soba,岩手,東北,食品・調味料,盛岡わんこそばの老舗,Heritage Morioka wanko soba,https://wankosoba.jp/,,,確認済み
iw009,南部美人,Nanbu Bijin,岩手,東北,酒造,二戸の海外輸出も盛んな酒蔵,"Ninohe sake brewery, strong export",https://www.nanbubijin.co.jp/,,,確認済み
iw010,あさ開,Asabiraki,岩手,東北,酒造,盛岡の老舗酒蔵,Long-established Morioka brewery,https://www.asabiraki-net.jp/,,,確認済み
iw011,菊の司酒造,Kiku no Tsukasa,岩手,東北,酒造,岩手の老舗酒蔵,Long-established Iwate brewery,https://kikunotsukasa.jp/,,,確認済み
iw012,わしの尾,Washi no O,岩手,東北,酒造,八幡平の地酒蔵,Hachimantai local sake brewery,http://www.washinoo.co.jp/,,,確認済み
iw013,岩泉乳業,Iwaizumi Dairy,岩手,東北,食品・調味料,岩泉ヨーグルトで知られる乳業,Maker of Iwaizumi yogurt,https://iwaizumi-milk.co.jp/,,,確認済み
iw015,南部箒工房 高倉,Takakura Nanbu Broom,岩手,東北,伝統工芸,九戸の南部箒の伝統工芸,Kunohe traditional broom craft,https://nanbuhouki.jp/,,,
iw020,花巻織物,Hanamaki Textile,岩手,東北,アパレル・繊維,花巻のホームスパン織,Hanamaki homespun textile,https://www.homespun.co.jp/,,,
mg004,佐々重 (味噌),Sasaju Miso,宮城,東北,食品・調味料,仙台味噌の老舗,Heritage Sendai miso brewer,https://www.sasaju.co.jp/,,,確認済み
mg005,阿部蒲鉾店,Abe Kamaboko,宮城,東北,食品・調味料,仙台笹蒲鉾の代表メーカー,Famous Sendai sasa-kamaboko maker,https://www.abekama.co.jp/,,,確認済み
mg006,白謙蒲鉾店,Shiraken Kamaboko,宮城,東北,食品・調味料,石巻の蒲鉾老舗,Heritage Ishinomaki kamaboko,https://www.shiraken.co.jp/,,,
mg007,鐘崎 (笹かまぼこ),Kanezaki Kamaboko,宮城,東北,食品・調味料,仙台かまぼこの里,Sendai kamaboko factory tour brand,https://www.kanezaki.co.jp/,,,確認済み
mg008,一ノ蔵,Ichinokura,宮城,東北,酒造,宮城を代表する地酒蔵,Representative Miyagi sake brewer,https://www.ichinokura.co.jp/,,,確認済み
mg009,浦霞 (佐浦),Urakasumi (Saura),宮城,東北,酒造,塩釜の老舗酒蔵,Shiogama heritage sake brewer,https://www.urakasumi.com/,,,確認済み
mg010,日高見 (平孝酒造),Hirakou Brewery (Hidakami),宮城,東北,酒造,石巻の地酒、日高見ブランド,"Ishinomaki brewer, Hidakami label",https://hirakoushuzou.co.jp/,,,確認済み
mg012,萩野酒造,Hagino Sake,宮城,東北,酒造,萩の鶴の蔵元,Brewer of Hagi no Tsuru,https://www.hagino-shuzou.co.jp/,,,確認済み
mg016,仙台牛タン熟成 利久,Rikyu Gyutan,宮城,東北,食品・調味料,仙台牛タン専門,Sendai gyutan specialist,https://www.rikyu-gyutan.co.jp/,,,確認済み
ak001,大館工芸社 (曲げわっぱ),Odate Kogei (Magewappa),秋田,東北,木工・家具,大館曲げわっぱの伝統工房,Traditional Odate magewappa atelier,https://magewappa.com/,,,確認済み
ak002,柴田慶信商店,Shibata Yoshinobu Shoten,秋田,東北,木工・家具,大館曲げわっぱの名工,Master Odate magewappa maker,https://magewappa.co.jp/,,,確認済み
ak003,栗久 (曲げわっぱ),Kurikyu,秋田,東北,木工・家具,大館の曲げわっぱ専門,Odate magewappa specialist,https://www.kurikyu.jp/,,,確認済み
ak005,無限堂,Mugendo,秋田,東北,食品・調味料,稲庭うどんの老舗,Heritage Inaniwa udon maker,https://www.mugendo.jp/,,,確認済み
ak006,佐藤養助商店,Sato Yosuke Shoten,秋田,東北,食品・調味料,稲庭うどん最古の本家,Oldest Inaniwa udon house,https://www.sato-yoske.co.jp/,,,確認済み
ak007,新政酒造,Aramasa,秋田,東北,酒造,秋田の自然派酒造、6号酵母発祥,"Natural Akita brewer, home of No.6 yeast",https://www.aramasa.jp/,,,確認済み
ak008,高清水 (秋田酒類),Takashimizu,秋田,東北,酒造,秋田の代表的地酒,Representative Akita sake,https://www.takashimizu.co.jp/,,,確認済み
ak009,両関酒造,Ryozeki Brewery,秋田,東北,酒造,湯沢の老舗酒蔵,Yuzawa heritage sake brewer,https://www.ryozeki.co.jp/,,,確認済み
ak010,齋彌酒造,Saiya Sake,秋田,東北,酒造,由利本荘の雪の茅舎,Yurihonjo brewer of Yuki no Bosha,https://www.yukinobosha.jp/,,,確認済み
ak011,山本合名,Yamamoto Sake,秋田,東北,酒造,白瀑の蔵元,Brewer of Shirataki / Yamamoto,https://www.yamamoto-brewery.com/,,,確認済み
ak012,日の丸醸造,Hinomaru Brewery,秋田,東北,酒造,まんさくの花の蔵元,Brewer of Mansaku no Hana,https://hinomaru-sake.com/,,,確認済み
ak015,樺細工工房 八柳,Yatsuyanagi Kabazaiku,秋田,東北,伝統工芸,角館の樺細工,Kakunodate cherry bark craft,https://yatsuyanagi.jp/,,,確認済み
ak016,角館伝四郎,Kakunodate Denshiro,秋田,東北,伝統工芸,角館伝統の樺細工,Kakunodate cherry bark crafts,https://denshiro.jp/,,,確認済み
yg001,出羽桜酒造,Dewazakura,山形,東北,酒造,天童の地酒、海外でも人気,"Tendo brewery, popular overseas",https://www.dewazakura.co.jp/,,,確認済み
yg002,高木酒造,Takagi Sake (Juyondai),山形,東北,酒造,十四代の蔵元,Brewer of Juyondai,,,,確認済み
yg003,楯の川酒造,Tate no Kawa,山形,東北,酒造,楯野川の蔵元、全量純米大吟醸,All junmai daiginjo brewery,https://www.tatenokawa.com/,,,確認済み
yg004,水戸部酒造,Mitobe Sake,山形,東北,酒造,山形正宗の蔵元,Brewer of Yamagata Masamune,https://www.mitobesake.com/,,,確認済み
yg005,小嶋総本店,Kojima Sohonten,山形,東北,酒造,米沢の老舗、東光ブランド,"Yonezawa, Toko brand sake",https://www.toko-sake.co.jp/,,,確認済み
yg006,米沢牛黄木,Yonezawa Beef Oki,山形,東北,食品・調味料,米沢牛の加工メーカー,Yonezawa beef processor,https://o-ki.co.jp/,,,
yg007,天童木工,Tendo Mokko,山形,東北,木工・家具,天童の成形合板家具,Tendo molded plywood furniture,https://www.tendo-mokko.co.jp/,,,確認済み
yg008,佐藤繊維,Sato Seni,山形,東北,アパレル・繊維,寒河江のニット・モヘア紡績,Sagae mohair spinning & knitwear,https://www.satoseni.com/,,,確認済み
yg012,菊地保寿堂 (鋳物),Kikuchi Hojudo,山形,東北,刃物・金物,山形鋳物の名門,Famous Yamagata cast iron maker,https://kikuchi-hojudo.com/,,,確認済み
yg013,オリエンタルカーペット,Oriental Carpet,山形,東北,アパレル・繊維,山辺町の高級緞通,Yamanobe luxury hand-knotted rugs,https://oc-jp.com/,,,確認済み
yg015,おしんの宿 銀山温泉藤屋,Ginzan Onsen Fujiya,山形,東北,伝統工芸,山形伝統建築の改装,Yamagata traditional architecture,https://www.ginzanonsen.jp/yado/fujiya.html,,,
yg016,高畠ワイナリー,Takahata Winery,山形,東北,酒造,高畠町のワイン,Takahata local winery,https://www.takahata-winery.jp/,,,確認済み
fk001,会津漆器 鈴善,Suzuzen Aizu Lacquer,福島,東北,伝統工芸,会津塗の老舗工房,Heritage Aizu lacquer atelier,https://www.suzuzen.com/,,,確認済み
fk002,白木屋漆器店,Shirakiya Lacquer,福島,東北,伝統工芸,会津若松の漆器店,Aizu-Wakamatsu lacquer shop,https://www.shirokiyashikkiten.com/,,,
fk003,末廣酒造,Suehiro Sake,福島,東北,酒造,会津の老舗酒蔵,Aizu heritage sake brewer,https://www.sake-suehiro.jp/,,,確認済み
fk004,宮泉銘醸,Miyaizumi Brewery,福島,東北,酒造,写楽ブランドの蔵元,Brewer of Sharaku sake,https://miyaizumi.co.jp/,,,確認済み
fk005,飛露喜 (廣木酒造),Hiroki Brewery (Hiroki),福島,東北,酒造,会津の名酒・飛露喜,Famous Aizu sake Hiroki,,,,確認済み
fk006,大七酒造,Daishichi,福島,東北,酒造,二本松の生酛造り蔵元,Nihonmatsu kimoto-style brewer,https://www.daishichi.com/,,,確認済み
fk007,奥の松酒造,Okunomatsu,福島,東北,酒造,二本松の地酒,Nihonmatsu local sake,https://www.okunomatsu.co.jp/,,,確認済み
fk008,喜多方ラーメン老麺会,Kitakata Ramen Roumen,福島,東北,食品・調味料,喜多方ラーメンの製麺,Kitakata ramen noodle makers,http://www.ramenkai.com/,,,
fk010,赤べこ工房 山田民芸,Yamada Mingei (Akabeko),福島,東北,伝統工芸,会津の赤べこ郷土玩具,Aizu Akabeko folk toy,,,,
fk011,会津本郷焼 流紋焼,Aizu Hongoyaki Ryumon,福島,東北,硝子・陶磁器,会津本郷焼の窯元,Aizu Hongo pottery kiln,http://www.ryuumon.co.jp/,,,
fk018,会津桐タンス,Aizu Paulownia Chest,福島,東北,木工・家具,会津桐の伝統箪笥,Aizu paulownia traditional chest,http://www.aizukiri.co.jp/,,,
ib001,木内酒造 (常陸野ネスト),Kiuchi Brewery (Hitachino Nest),茨城,関東,酒造,常陸野ネストビールで世界的に有名,Globally famous Hitachino Nest Beer,https://www.kodawari.cc/,,,確認済み
ib002,明利酒類,Meiri Shurui,茨城,関東,酒造,水戸の梅酒・日本酒メーカー,Mito plum wine & sake maker,https://www.meirishurui.com/,,,確認済み
ib003,府中誉 (渡舟),Watabune (Fuchu Homare),茨城,関東,酒造,渡舟ブランドの蔵元,Brewer of Watabune sake,https://www.fuchuhomare.com/,,,確認済み
ib004,来福酒造,Raifuku Brewery,茨城,関東,酒造,筑西の地酒蔵,Chikusei local sake brewer,https://www.raifuku.co.jp/,,,確認済み
ib005,笠間焼 向山窯,Mukoyama Gama Kasama,茨城,関東,硝子・陶磁器,笠間焼の代表窯元,Famous Kasama-yaki kiln,https://kasamayaki.co.jp/,,,
ib006,笠間芸術の森協同組合,Kasama Geijutsu,茨城,関東,硝子・陶磁器,笠間焼の窯元グループ,Kasama-yaki kiln cooperative,https://www.kasamayaki.or.jp/,,,
ib007,納豆 だるま食品,Daruma Natto,茨城,関東,食品・調味料,水戸納豆の老舗,Heritage Mito natto,http://www.darumanatto.jp/,,,
ib008,水戸納豆 天狗,Tengu Natto Mito,茨城,関東,食品・調味料,水戸納豆の代表ブランド,Famous Mito natto brand,https://www.tengunatto.com/,,,確認済み
ib012,結城紬郷土館,Yuki Tsumugi Atelier,茨城,関東,アパレル・繊維,結城紬の伝統工房,Yuki tsumugi silk atelier,,,,
ib013,結城紬本場奥順,Honba Okujun Yuki,茨城,関東,アパレル・繊維,結城紬の老舗問屋,Heritage Yuki tsumugi house,https://yukitumugi.co.jp/,,,確認済み
ib019,常陸大宮和紙,Hitachi-Omiya Washi,茨城,関東,和紙・紙製品,西の内紙の伝統和紙,Nishinouchi traditional washi,http://www.kaminosato.com/,,,
tg001,益子焼 つかもと,Tsukamoto Mashiko,栃木,関東,硝子・陶磁器,益子焼の老舗窯元,Heritage Mashiko-yaki kiln,https://www.tsukamoto.net/,,,確認済み
tg002,益子焼 大誠窯,Taisei Gama Mashiko,栃木,関東,硝子・陶磁器,益子焼の窯元,Mashiko-yaki kiln,,,,
tg003,益子焼共販センター,Mashiko Coop,栃木,関東,硝子・陶磁器,益子焼の販売拠点,Mashiko-yaki sales hub,,,,
tg004,惣誉酒造,Sohomare,栃木,関東,酒造,市貝の生酛造り蔵元,Ichikai kimoto-style brewer,https://www.sohomare.co.jp/,,,確認済み
tg005,せんきん (仙禽),Senkin,栃木,関東,酒造,さくら市の革新派蔵元,Sakura City innovative brewery,https://senkin.co.jp/,,,確認済み
tg007,渡邊佐平商店,Watanabe Sahei,栃木,関東,酒造,日光の老舗酒蔵,Nikko heritage sake brewer,https://www.watanabesahei.co.jp/,,,
tg008,宇都宮餃子協会連携,Utsunomiya Gyoza,栃木,関東,食品・調味料,宇都宮餃子の地場メーカー,Utsunomiya gyoza makers,https://www.gyozakai.com/,,,
tg009,日光プリン亭,Nikko Purin Tei,栃木,関東,食品・調味料,日光のプリン専門,Nikko pudding specialist,https://nikko-pudding.jp/,,,
tg010,今市味噌,Imaichi Miso,栃木,関東,食品・調味料,日光今市の老舗味噌,Imaichi heritage miso,https://www.tamarizuke.co.jp/,,,
tg011,日光彫工芸組合,Nikko Carving Co-op,栃木,関東,木工・家具,日光彫の伝統工芸,Nikko carving guild,,,,
tg012,小砂焼 藤田製陶所,Fujita Kosaago Yaki,栃木,関東,硝子・陶磁器,小砂焼の窯元,Kosago pottery kiln,https://www.koisagoyaki.co.jp/,,,
tg014,栃木レザー,Tochigi Leather,栃木,関東,革製品,国産タンニンなめし革,Domestic vegetable-tanned leather,https://www.tochigi-leather.com/,,,確認済み
tg017,鹿沼組子,Kanuma Kumiko,栃木,関東,木工・家具,鹿沼の伝統組子細工,Kanuma kumiko wood lattice,,,,
gm002,ヨコオデイリーフーズ,Yokoo Daily Foods,群馬,関東,食品・調味料,群馬のこんにゃく加工,Gunma konjac processor,https://www.yokoodairyfoods.co.jp/,,,確認済み
gm003,下仁田納豆,Shimonita Natto,群馬,関東,食品・調味料,下仁田の藁納豆,Shimonita straw-wrapped natto,https://www.shimonita-natto.jp/,,,
gm004,高崎ハム,Takasaki Ham,群馬,関東,食品・調味料,高崎の老舗ハム・ソーセージ,Heritage Takasaki ham,https://www.jazmf.co.jp/,,,
gm005,水沢うどん 大澤屋,Osawaya Mizusawa Udon,群馬,関東,食品・調味料,水沢うどんの老舗,Heritage Mizusawa udon,https://www.osawaya.co.jp/,,,確認済み
gm006,水沢うどん 田丸屋,Tamaruya Mizusawa Udon,群馬,関東,食品・調味料,創業400年の水沢うどん,400-year Mizusawa udon house,https://www.tamaruya.jp/,,,確認済み
gm007,分福酒造,Bunpuku Brewery,群馬,関東,酒造,館林の老舗酒蔵,Tatebayashi heritage sake,http://www.bunbuku.net/,,,
gm008,龍神酒造,Ryujin Brewery,群馬,関東,酒造,群馬の地酒・尾瀬の雪どけ,Brewer of Oze no Yukidoke,http://www.ryujin.jp/,,,確認済み
gm009,近藤酒造,Kondo Brewery,群馬,関東,酒造,赤城山の蔵元,Brewer of Akagisan sake,https://akagisan.com/,,,確認済み
gm010,桐生織物協同組合,Kiryu Textile Coop,群馬,関東,アパレル・繊維,桐生織の伝統織物,Kiryu traditional weaving,http://www.kiryuorimono.or.jp/,,,
gm011,伊勢崎銘仙,Isesaki Meisen,群馬,関東,アパレル・繊維,伊勢崎の銘仙織物,Isesaki meisen textile,,,,
gm012,碓氷製糸,Usui Silk Reeling,群馬,関東,アパレル・繊維,安中の生糸製糸,Annaka silk reeling,http://www.usuiseishi.co.jp/,,,
gm013,富岡シルク,Tomioka Silk,群馬,関東,アパレル・繊維,富岡の絹織物,Tomioka silk fabric,https://www.tomioka-silkbrand.jp/,,,
gm019,草津温泉湯の花,Kusatsu Yu no Hana,群馬,関東,化粧品,草津温泉素材のバス用品,Kusatsu onsen bath products,https://www.yunokahonpo.com/,,,
st001,川越米菓 紋蔵庵,Monzoan Kawagoe,埼玉,関東,食品・調味料,川越芋せんべいの老舗,Heritage Kawagoe sweet potato sembei,https://monzouan.com/,,,
st002,くらづくり本舗,Kurazukuri Honpo,埼玉,関東,食品・調味料,川越の芋菓子老舗,Heritage Kawagoe sweet potato confectioner,https://www.kurazukuri.com/,,,確認済み
st003,亀屋 (川越),Kameya Kawagoe,埼玉,関東,食品・調味料,川越芋菓子の老舗,Kawagoe sweet potato confectioner,https://www.koedo-kameya.com/,,,確認済み
st005,小川町手すき和紙,Ogawa Tesuki Washi,埼玉,関東,和紙・紙製品,ユネスコ無形文化遺産和紙,UNESCO-listed handmade washi,https://saitama-ogawawashi.jp/,,,確認済み
st006,晴雲酒造,Seiun Brewery,埼玉,関東,酒造,小川町の地酒,Ogawa-machi local sake,https://www.seiun-sake.co.jp/,,,
st007,小江戸鏡山酒造,Kagamiyama Brewery,埼玉,関東,酒造,川越の地酒蔵,Kawagoe local sake brewer,https://kagamiyama.jp/,,,確認済み
st008,神亀酒造,Shinkame Brewery,埼玉,関東,酒造,蓮田の純米酒先駆け,Hasuda pioneer of all-junmai sake,https://www.shinkame.co.jp/,,,確認済み
st009,武甲酒造,Buko Brewery,埼玉,関東,酒造,秩父の老舗酒蔵,Chichibu heritage sake brewer,https://www.bukou.co.jp/,,,確認済み
st010,イチローズモルト (ベンチャーウイスキー),Ichiro's Malt,埼玉,関東,酒造,秩父の世界的ウイスキー蒸留所,World-famous Chichibu whisky distillery,https://www.one-drinks.com/,,,確認済み
st011,秩父錦 矢尾本店,Yao Honten Chichibu,埼玉,関東,酒造,秩父の地酒・秩父錦,Chichibu Nishiki sake brewer,https://www.chichibu-nishiki.co.jp/,,,確認済み
st014,草加せんべい振興協議会,Soka Senbei,埼玉,関東,食品・調味料,草加せんべいの製造者組合,Soka senbei rice cracker makers,https://sokasenbei.com/,,,
st015,狭山茶 中島園,Nakajima-en Sayama Tea,埼玉,関東,お茶,狭山茶の老舗茶園,Heritage Sayama tea garden,,,,
st016,狭山茶 関口園,Sekiguchi-en Sayama,埼玉,関東,お茶,狭山茶の代表的茶園,Representative Sayama tea grower,https://www.sekiguchien-shop.com/,,,確認済み
st017,狭山茶 比留間園,Hiruma-en Sayama Tea,埼玉,関東,お茶,入間の老舗茶園,Heritage Iruma tea garden,https://www.hirumaen.com/,,,確認済み
st018,川口鋳物協同組合,Kawaguchi Cast Iron,埼玉,関東,刃物・金物,川口の鋳物産業,Kawaguchi cast iron makers,https://www.kawaguchi-imono.jp/,,,
st020,秩父銘仙,Chichibu Meisen,埼玉,関東,アパレル・繊維,秩父銘仙の伝統織物,Chichibu meisen textile,,,,
cb001,千葉県落花生協同組合,Chiba Peanut Coop,千葉,関東,食品・調味料,千葉産落花生加工,Chiba peanut processors,,,,
cb002,米屋 (なごみの米屋),Yoneya Confectionery,千葉,関東,食品・調味料,成田の和菓子・栗ようかん,"Narita confectioner, chestnut yokan",https://www.nagomi-yoneya.co.jp/,,,確認済み
cb003,オランダ家,Holland-ya,千葉,関東,食品・調味料,千葉の洋菓子老舗,Heritage Chiba Western confectioner,https://www.holland-ya.jp/,,,確認済み
cb004,ヒゲタ醤油,Higeta Shoyu,千葉,関東,食品・調味料,銚子の老舗醤油蔵,Heritage Choshi soy sauce brewer,https://www.higeta.co.jp/,,,確認済み
cb005,ヤマサ醤油,Yamasa Shoyu,千葉,関東,食品・調味料,銚子の老舗醤油蔵,Heritage Choshi soy sauce brewer,https://www.yamasa.com/,,,確認済み
cb006,宮醤油店,Miya Shoyu,千葉,関東,食品・調味料,富津の伝統醤油蔵,Futtsu traditional soy sauce,https://www.miyashoyu.co.jp/,,,確認済み
cb007,ちば醤油,Chiba Shoyu,千葉,関東,食品・調味料,県内地場醤油メーカー,Local Chiba soy sauce maker,https://www.chibashoyu.com/,,,
cb008,飯沼本家,Iinuma Honke,千葉,関東,酒造,印旛の老舗酒蔵 (甲子),"Inba heritage brewer, Kinoene",https://www.iinumahonke.co.jp/,,,確認済み
cb009,鍋店 (なべだな),Nabedana Brewery,千葉,関東,酒造,成田の地酒・仁勇,"Narita local sake, Jinyu",https://www.nabedana.co.jp/,,,確認済み
cb010,寒菊銘醸,Kankiku,千葉,関東,酒造,九十九里の蔵元,Kujukuri sake brewer,https://kankiku.com/,,,確認済み
cb014,銚子水産加工,Choshi Suisan Kako,千葉,関東,食品・調味料,銚子の干物加工,Choshi dried fish processor,https://allchoshi.com/,,,
cb015,南房総オリーブ,Minamiboso Olive,千葉,関東,食品・調味料,南房総のオリーブ栽培加工,Minamiboso olive grower & oil,https://boso-olive.co.jp/,,,
cb022,山武の海の塩,Kujukuri Salt,千葉,関東,食品・調味料,九十九里の天日塩,Kujukuri sun-dried sea salt,http://sammu-sea-salt.com/,,,
cb024,流山みりん 万上,Manjo Mirin Nagareyama,千葉,関東,食品・調味料,流山のみりん発祥蔵,Nagareyama mirin origin brewery,https://www.kikkoman.co.jp/manjo/,,,確認済み
tk001,江戸切子 堀口硝子,Horiguchi Glass (Edo Kiriko),東京,関東,硝子・陶磁器,江戸切子の代表的工房,Famous Edo Kiriko cut glass atelier,https://www.horiguchiglass.com/,,,確認済み
tk002,清水硝子 (江戸切子),Shimizu Glass Edo Kiriko,東京,関東,硝子・陶磁器,江東区の江戸切子工房,Koto-ku Edo Kiriko atelier,https://kiriko.net/,,,確認済み
tk003,華硝 (江戸切子),Kagami Crystal Hanashyo,東京,関東,硝子・陶磁器,江戸切子・伝統工芸士,Edo Kiriko master craftsman house,https://www.hanashyo.com/,,,確認済み
tk004,木本硝子,Kimoto Glass,東京,関東,硝子・陶磁器,墨田の江戸切子・薄玻璃,Sumida Edo Kiriko & thin glass,https://www.kimotoglass.tokyo/,,,確認済み
tk005,廣田硝子,Hirota Glass,東京,関東,硝子・陶磁器,墨田の老舗ガラスメーカー,Heritage Sumida glassmaker,https://hirota-glass.co.jp/,,,確認済み
tk006,中川政七商店 東京,Nakagawa Masashichi Tokyo,東京,関東,伝統工芸,日本工芸セレクト,Japanese craft selector,https://www.nakagawa-masashichi.jp/,,,確認済み
tk007,墨田革漉き工房,Sumida Leather Atelier,東京,関東,革製品,墨田の革漉き職人,Sumida leather thinning specialist,https://www.sumidakawasuki.com/,,,
tk009,土屋鞄製造所,Tsuchiya Kaban,東京,関東,革製品,足立区の革鞄メーカー,Adachi-ku leather bag maker,https://tsuchiya-kaban.jp/,,,確認済み
tk010,濱野皮革工藝,Hamano Hikaku Kogei,東京,関東,革製品,皇室御用達の鞄工房,Imperial Household leather atelier,https://www.hamano.co.jp/,,,確認済み
tk011,銀座かなめ屋,Ginza Kanameya,東京,関東,伝統工芸,銀座の老舗和装小物,Ginza heritage kimono accessories,https://www.kanameya.co.jp/,,,
tk013,江戸からかみ 東京松屋,Tokyo Matsuya Karakami,東京,関東,和紙・紙製品,江戸からかみの老舗,Heritage Edo karakami paper,https://www.tokyomatsuya.co.jp/,,,確認済み
tk014,小津和紙,Ozu Washi,東京,関東,和紙・紙製品,日本橋の老舗和紙専門店,Nihonbashi heritage washi shop,https://www.ozuwashi.net/,,,確認済み
tk015,榛原 (はいばら),Haibara,東京,関東,和紙・紙製品,日本橋の和紙文具老舗,Nihonbashi heritage washi stationer,https://www.haibara.co.jp/,,,確認済み
tk016,鳩居堂 東京,Kyukyodo Tokyo,東京,関東,和紙・紙製品,銀座の老舗香・文具,Ginza heritage incense & stationery,https://www.kyukyodo.co.jp/,,,確認済み
tk017,伊場仙,Ibasen,東京,関東,伝統工芸,江戸扇子の老舗,Edo folding fan heritage shop,https://www.ibasen.co.jp/,,,確認済み
tk018,白竹堂東京,Hakuchikudo Tokyo,東京,関東,伝統工芸,扇子の老舗,Heritage folding fan maker,https://www.hakuchikudo.co.jp/,,,確認済み
tk020,東京銀器 上川宗達,Kamikawa Ginki,東京,関東,伝統工芸,東京銀器の伝統工芸士,Tokyo silverware master craftsman,https://www.soutatsukamikawa.com/,,,
tk021,森銀器製作所,Mori Ginki,東京,関東,伝統工芸,東京銀器の老舗,Heritage Tokyo silverware,https://www.mori-silver.co.jp/,,,確認済み
tk022,江戸べっ甲 磯貝,Isogai Bekko,東京,関東,伝統工芸,江戸鼈甲の老舗工房,Heritage Edo tortoiseshell craft,https://isogai-bekko.jp/,,,
tk024,村田眼鏡舗,Murata Megane,東京,関東,その他工業製品,日本橋の眼鏡老舗,Nihonbashi heritage eyewear,https://www.murata-megane.co.jp/,,,確認済み
tk025,金子眼鏡 東京,Kaneko Megane Tokyo,東京,関東,その他工業製品,東京の老舗眼鏡店,Tokyo heritage eyewear,https://www.kaneko-optical.co.jp/,,,確認済み
tk026,日本橋木屋,Nihonbashi Kiya,東京,関東,刃物・金物,江戸の包丁・刃物老舗,Heritage Edo cutlery house,https://www.kiya-hamono.co.jp/,,,確認済み
tk027,うぶけや,Ubukeya,東京,関東,刃物・金物,江戸の刃物老舗,Heritage Edo blade shop,https://ubukeya.com/,,,確認済み
tk028,刃物の菊秀,Kikuhide Cutlery,東京,関東,刃物・金物,東京の包丁・鋏,Tokyo knives & scissors,https://www.kikuhide.jp/,,,確認済み
tk029,釜浅商店,Kamaasa Shoten,東京,関東,刃物・金物,合羽橋の調理道具老舗,Kappabashi cookware heritage,https://kama-asa.co.jp/,,,確認済み
tk030,飯田屋,Iidaya Kappabashi,東京,関東,刃物・金物,合羽橋の料理道具専門,Kappabashi kitchen tool specialist,https://www.kappabashi.or.jp/,,,確認済み
tk028b,東京染ものがたり博物館 富田染工芸,Tomita Senkogei,東京,関東,アパレル・繊維,東京染め小紋の老舗,Heritage Tokyo komon dye atelier,https://www.tomita-senkougei.com/,,,確認済み
tk032,江戸更紗 二葉苑,Futabaen Sarasa,東京,関東,アパレル・繊維,江戸更紗の染物,Edo sarasa dye works,https://www.ochiai-san.com/,,,
tk033,大野屋總本店 東京足袋,Onoya Tabi,東京,関東,アパレル・繊維,江戸足袋の老舗,Heritage Edo tabi maker,https://www.onoya.com/,,,確認済み
tk034,舟和本店,Funawa,東京,関東,食品・調味料,浅草の芋ようかん老舗,Asakusa heritage imo-yokan,https://funawa.jp/,,,確認済み
tk035,亀十,Kamejyu,東京,関東,食品・調味料,浅草どら焼きの名店,Asakusa famous dorayaki shop,https://www.kameju.com/,,,確認済み
tk036,とらや (羊羹),Toraya,東京,関東,食品・調味料,室町時代の和菓子老舗,Muromachi-era wagashi heritage,https://www.toraya-group.co.jp/,,,確認済み
tk037,喜八堂,Kihachido Senbei,東京,関東,食品・調味料,江戸前せんべい,Edo-style senbei rice cracker,https://www.senbei.co.jp/,,,
tk038,日本橋 千疋屋総本店,Sembikiya Honten,東京,関東,食品・調味料,日本橋の高級果物老舗,Nihonbashi heritage fine fruits,https://sembikiya.co.jp/,,,確認済み
tk039,榮太樓總本鋪,Eitaro Sohonpo,東京,関東,食品・調味料,日本橋の和菓子老舗,Nihonbashi heritage wagashi,https://www.eitaro.com/,,,確認済み
tk040,言問団子,Kototoi Dango,東京,関東,食品・調味料,向島の老舗団子,Mukojima heritage dango,https://kototoidango.co.jp/,,,
tk041,丸久小山園,Koyamaen Tokyo,京都,関西,お茶,老舗茶舗 (東京店),Heritage tea shop Tokyo branch,,,,
tk042,森半,Morihan Tokyo,京都,関西,お茶,老舗茶・抹茶卸,Heritage matcha wholesaler,,,,
tk043,山本山 (日本橋),Yamamotoyama,東京,関東,お茶,日本橋の老舗茶舗,Heritage Nihonbashi tea house,https://www.yamamotoyama.co.jp/,,,確認済み
tk054,アユーラ・ラボラトリーズ,Ayura Laboratories,東京,関東,化粧品,ホリスティック化粧品,Holistic cosmetics brand,https://www.ayura.co.jp/,,,確認済み
tk065,つきじ 山長,Tsukiji Yamacho,東京,関東,食品・調味料,築地の玉子焼老舗,Tsukiji tamagoyaki heritage,,,,確認済み
tk066,築地紀文,Tsukiji Kibun,東京,関東,食品・調味料,築地の練り物老舗,Tsukiji heritage fish paste,https://www.kibun.co.jp/,,,
tk067,江戸べんとう仕出し,Edo Bento Shidashi,東京,関東,食品・調味料,江戸前仕出し弁当,Edo-style catering bento,https://edomatoi.jp/,,,
tk068,福徳長酒類株式会社,Fukutokucho Liquor,千葉,関東,酒造,東京のリキュール製造,Tokyo liqueur producer,,,,
tk069,小澤酒造 (澤乃井),Ozawa Brewery (Sawanoi),東京,関東,酒造,青梅の老舗酒蔵,Ome heritage sake brewer,https://www.sawanoi-sake.com/,,,確認済み
tk070,石川酒造,Ishikawa Brewery,東京,関東,酒造,福生の地ビール・地酒,Fussa craft beer & sake,https://www.tamajiman.co.jp/,,,確認済み
tk071,野崎酒造,Nozaki Brewery,東京,関東,酒造,あきる野の老舗酒蔵,Akiruno heritage sake,http://www.kisho-sake.jp/,,,確認済み
tk072,田村酒造場,Tamura Sake Brewery,東京,関東,酒造,福生の老舗酒蔵,Fussa heritage sake brewer,https://www.seishu-kasen.com/,,,確認済み
tk073,伊豆大島椿油 高田,Oshima Camellia Oil,東京,関東,化粧品,伊豆大島の椿油,Oshima Island camellia oil,https://www.tsubaki-abura.com/,,,
tk074,江戸木目込人形,Edo Kimekomi Doll,東京,関東,伝統工芸,江戸木目込人形工房,Edo kimekomi doll atelier,http://www.edokimekomi.com/,,,
tk075,江戸刺繍 高橋,Takahashi Edo Embroidery,東京,関東,アパレル・繊維,江戸刺繍の伝統工芸士,Edo embroidery master,,,,
tk076,江戸風鈴 篠原まるよし風鈴,Shinohara Edo Furin,東京,関東,硝子・陶磁器,江戸風鈴の工房,Edo wind chime atelier,https://www.edofurin.com/,,,確認済み
tk080,江戸銀器 上田銀器,Ueda Ginki,東京,関東,伝統工芸,江戸銀器の老舗,Heritage Edo silverware,https://www.ueda-silver.co.jp/,,,
kn001,鎌倉彫 慶 (博古堂),Hakkodo Kamakurabori,神奈川,関東,木工・家具,鎌倉彫の老舗工房,Heritage Kamakura-bori carving,https://www.hakkodo.jp/,,,確認済み
kn002,鎌倉彫 伝統工芸協同組合,Kamakurabori Coop,神奈川,関東,木工・家具,鎌倉彫の協同組合,Kamakura-bori cooperative,https://www.kamakurabori-kougeikan.jp/,,,
kn003,豊島屋 (鳩サブレー),Toshimaya Hatosable,神奈川,関東,食品・調味料,鎌倉鳩サブレーの老舗,Heritage Kamakura Hato Sable,https://www.hato.co.jp/,,,確認済み
kn004,鎌倉紅谷,Kamakura Beniya,神奈川,関東,食品・調味料,クルミッ子の鎌倉菓子店,Kamakura Kurumicco confectioner,https://www.beniya-ajisai.co.jp/,,,確認済み
kn005,横浜中華街 江戸清,Edosei Chuka-gai,神奈川,関東,食品・調味料,横浜中華街の老舗,Yokohama Chinatown heritage,https://edosei.co.jp/,,,
kn006,崎陽軒,Kiyoken,神奈川,関東,食品・調味料,横浜シウマイの老舗,Yokohama heritage shumai,https://kiyoken.com/,,,確認済み
kn008,小田原蒲鉾 鈴廣,Suzuhiro Kamaboko,神奈川,関東,食品・調味料,小田原蒲鉾の老舗,Heritage Odawara kamaboko,https://www.kamaboko.com/,,,確認済み
kn009,籠淸 蒲鉾,Kagosei Kamaboko,神奈川,関東,食品・調味料,小田原の老舗蒲鉾,Odawara heritage kamaboko,https://www.kagosei.co.jp/,,,確認済み
kn011,井上蒲鉾店,Inoue Kamaboko,神奈川,関東,食品・調味料,小田原の蒲鉾,Odawara kamaboko,,,,
kn012,箱根寄木細工 露木木工所,Tsuyuki Yosegi,神奈川,関東,木工・家具,箱根寄木細工の伝統工房,Hakone yosegi marquetry atelier,https://www.yoseki.com/,,,確認済み
kn013,箱根寄木細工 本間木工所,Honma Yosegi,神奈川,関東,木工・家具,箱根寄木細工の老舗,Heritage Hakone yosegi,https://www.yoseki-museum.com/,,,
kn014,小田原漆器 石川漆器,Ishikawa Odawara Lacquer,神奈川,関東,伝統工芸,小田原漆器の伝統工房,Odawara lacquer atelier,https://ishikawa-shikki.com/,,,
kn027,瀬戸酒造店,Seto Sake Brewery,神奈川,関東,酒造,開成町の地酒蔵,Kaisei-machi local sake,https://setosyuzou.com/,,,確認済み
kn028,川西屋酒造店,Kawanishiya Brewery,神奈川,関東,酒造,足柄の老舗酒蔵,Ashigara heritage brewer,https://www.kawanishiya.com/,,,確認済み
kn029,井上酒造,Inoue Brewery,神奈川,関東,酒造,小田原の地酒蔵,Odawara local brewer,,,,
ng001,玉川堂,Gyokusendo,新潟,中部,刃物・金物,燕の鎚起銅器・200年の老舗,200-year tsuiki copperware atelier (Tsubame),https://www.gyokusendo.com/,,,確認済み
ng003,藤次郎 (TOJIRO),Tojiro,新潟,中部,刃物・金物,燕三条の包丁メーカー,Tsubame-Sanjo kitchen knives,https://tojiro.net/,,,確認済み
ng004,タダフサ,Tadafusa,新潟,中部,刃物・金物,三条の包丁メーカー,Sanjo knife maker,https://www.tadafusa.com/,,,確認済み
ng006,スノーピーク,Snow Peak,新潟,中部,その他工業製品,三条のアウトドアギア,Sanjo outdoor gear,https://www.snowpeak.co.jp/,,,確認済み
ng007,マルナオ,Marunao,新潟,中部,木工・家具,三条の高級木製箸・道具,Sanjo premium wooden chopsticks,https://www.marunao.com/,,,確認済み
ng008,庖丁工房タダフサ,Tadafusa Houchou,新潟,中部,刃物・金物,三条の伝統包丁,Sanjo traditional knives,https://www.tadafusa.com/,,,確認済み
ng009,佐藤金属興業 (SALUS),Sato Metal (SALUS),新潟,中部,刃物・金物,燕の洋食器・キッチン雑貨,Tsubame flatware & kitchen tools,https://salus.co.jp/,,,
ng012,和平フレイズ,Wahei Freiz,新潟,中部,刃物・金物,燕三条の鍋・調理器具,Tsubame-Sanjo cookware,https://wahei.co.jp/,,,確認済み
ng014,日野浦刃物工房,Hinoura Hamono,新潟,中部,刃物・金物,三条の伝統鍛冶,Sanjo traditional blacksmith,https://hinoura-knife.com/,,,確認済み
ng016,久保田酒造 (久保田),Asahi Shuzo (Kubota),新潟,中部,酒造,朝日酒造・久保田ブランド,Brewer of Kubota sake,https://www.asahi-shuzo.co.jp/,,,確認済み
ng017,八海醸造,Hakkaisan,新潟,中部,酒造,南魚沼の八海山蔵元,Minamiuonuma brewer of Hakkaisan,https://www.hakkaisan.com/,,,確認済み
ng018,白瀧酒造,Shirataki,新潟,中部,酒造,湯沢の上善如水蔵元,Yuzawa brewer of Jozen Mizunogotoshi,https://www.jozen.co.jp/,,,確認済み
ng019,宮尾酒造,Miyao Brewery (Shimeharitsuru),新潟,中部,酒造,村上のしめ張り鶴,Murakami brewer of Shimeharitsuru,https://www.imayotsukasa.co.jp/,,,確認済み
ng020,今代司酒造,Imayotsukasa,新潟,中部,酒造,新潟市の老舗酒蔵,Niigata City heritage brewer,https://imayotsukasa.co.jp/,,,確認済み
ng021,高千代酒造,Takachiyo,新潟,中部,酒造,南魚沼の地酒蔵,Minamiuonuma local brewer,http://www.takachiyo.co.jp/,,,確認済み
ng022,魚沼醸造株式会社,Uonuma Brewery,新潟,中部,酒造,魚沼の地酒,Uonuma local sake,,,,
ng026,小千谷織物同業協同組合,Ojiya Chijimi,新潟,中部,アパレル・繊維,小千谷縮の伝統織物,Ojiya chijimi crepe weaving,,,,
ng028,村上堆朱,Murakami Tsuishu,新潟,中部,伝統工芸,村上堆朱漆器,Murakami tsuishu lacquer,,,,
ng029,加茂桐箪笥,Kamo Paulownia Chest,新潟,中部,木工・家具,加茂の桐箪笥,Kamo paulownia chest,,,,
ng031,亀田縞織物,Kameda Jima,新潟,中部,アパレル・繊維,亀田縞の伝統織物,Kameda striped textile,https://kamedajima.com/,,,
ng032,新潟漆器,Niigata Shikki,新潟,中部,伝統工芸,新潟の漆器メーカー,Niigata lacquerware,http://niigatasikki.jp/,,,
ng033,金属研磨 磨き屋シンジケート,Migakiya Syndicate,新潟,中部,刃物・金物,燕の金属研磨職人集団,Tsubame metal polishing guild,https://www.migaki-ya.com/,,,確認済み
ng038,カミテ精工,Kamite Seiko,新潟,中部,電子部品,燕三条の精密板金,Tsubame-Sanjo precision sheet metal,https://www.kamite.co.jp/,,,確認済み
ng041,佐渡乳業,Sado Dairy,新潟,中部,食品・調味料,佐渡の乳製品,Sado dairy products,https://www.sado-milk.co.jp/,,,確認済み
ng042,新潟麦酒 (NIIGATA BEER),Niigata Beer,新潟,中部,酒造,新潟のクラフトビール,Niigata craft beer,https://niigatabeer.jp/,,,
ng043,スワダ刃物,Suwada Blade Co.,新潟,中部,刃物・金物,三条の精密刃物,Sanjo precision blades,https://www.suwada.co.jp/,,,
ng044,津南醸造,Tsunan Brewery,新潟,中部,酒造,津南の地酒蔵,Tsunan local sake brewer,https://tsunan-sake.com/,,,確認済み
ng045,市島酒造,Ichishima Brewery,新潟,中部,酒造,新発田の老舗酒蔵,Shibata heritage sake brewer,https://www.ichishima.jp/,,,確認済み
ng046,北前そば高田屋,Takadaya Hegisoba,新潟,中部,食品・調味料,魚沼のへぎそば,Uonuma heg-isoba,,,,
ng047,越後製菓,Echigo Seika,新潟,中部,食品・調味料,長岡の餅・米菓,Nagaoka mochi & rice crackers,https://www.echigoseika.co.jp/,,,確認済み
ng049,新潟漆器組合,Niigata Lacquer Coop,新潟,中部,伝統工芸,県内漆器組合,Niigata lacquer cooperative,,,,
ty001,高岡銅器 老子製作所,Oigo Seisakusho,富山,中部,伝統工芸,高岡銅器の梵鐘・鋳物,Takaoka bronze bell foundry,https://www.oigo.jp/,,,確認済み
ty002,能作 (高岡銅器),Nousaku,富山,中部,伝統工芸,高岡の錫器・銅器,Takaoka tin & copper ware,https://www.nousaku.co.jp/,,,確認済み
ty003,四津川製作所,Yotsugawa Seisakusho,富山,中部,伝統工芸,高岡銅器の老舗,Heritage Takaoka bronze,https://yotsukawa.com/,,,確認済み
ty004,モメンタムファクトリー Orii,Momentum Factory Orii,富山,中部,伝統工芸,高岡の銅着色加工,Takaoka copper coloring,https://mf-orii.co.jp/,,,確認済み
ty005,シマタニ昇龍工房,Shimatani Syouryu,富山,中部,伝統工芸,高岡の鈴・おりん,Takaoka singing bowls & orin,https://syouryu.shimatani.co.jp/,,,確認済み
ty006,廣貫堂,Kokando,富山,中部,サプリ・健康食品,富山の置き薬・配置薬の老舗,Heritage Toyama traveling medicine,https://www.koukandou.co.jp/,,,確認済み
ty007,池田屋安兵衛商店,Ikedaya Yasubei,富山,中部,サプリ・健康食品,富山の伝統和漢薬,Toyama traditional Kampo medicine,https://www.hangontan.co.jp/,,,確認済み
ty009,立山酒造,Tateyama Brewery,富山,中部,酒造,立山ブランドの蔵元,Brewer of Tateyama sake,https://www.tateyama.jp/,,,確認済み
ty010,桝田酒造店,Masuda Brewery (Masuizumi),富山,中部,酒造,富山市の満寿泉蔵元,Toyama brewer of Masuizumi,https://www.masuizumi.co.jp/,,,確認済み
ty011,勝駒酒造,Shoukoma,富山,中部,酒造,高岡の小規模蔵元,Takaoka small brewery,https://www.kachikoma.com/,,,確認済み
ty012,皇国晴酒造 (幻の瀧),Mikuni-bare Brewery,富山,中部,酒造,黒部の名水蔵元,Kurobe spring-water brewery,https://www.mabotaru.co.jp/,,,確認済み
ty013,昆布の四十物昆布,Aimono Konbu,富山,中部,食品・調味料,富山の昆布加工老舗,Toyama kelp processor,https://aimono-konbu.com/,,,確認済み
ty014,梅かま,Umekama,富山,中部,食品・調味料,富山の細工蒲鉾,Toyama decorative kamaboko,https://umekama.co.jp/,,,確認済み
ty015,鱒寿司 源,Minamoto Masuzushi,富山,中部,食品・調味料,富山の鱒寿司老舗,Heritage Toyama masuzushi,https://www.minamoto.co.jp/,,,確認済み
ty016,井波彫刻,Inami Wood Carving,富山,中部,木工・家具,井波の伝統木彫,Inami traditional wood carving,https://www.inamichoukoku.jp/,,,確認済み
ty017,庄川挽物木地,Shogawa Hikimono,富山,中部,木工・家具,庄川の挽物・木工,Shogawa lathed woodwork,,,,
ty018,五箇山和紙,Gokayama Washi,富山,中部,和紙・紙製品,五箇山の手すき和紙,Gokayama handmade washi,https://www.gokayama-washi.jp/,,,確認済み
ty020,富山ガラス工房,Toyama Glass Studio,富山,中部,硝子・陶磁器,富山のアートグラス,Toyama art glass studio,https://toyama-garasukobo.jp/,,,確認済み
is001,箔一,Hakuichi,石川,中部,伝統工芸,金沢金箔の最大手中小,Major Kanazawa gold leaf SME,https://www.hakuichi.co.jp/,,,確認済み
is002,今井金箔,Imai Kinpaku,石川,中部,伝統工芸,金沢金箔の老舗,Heritage Kanazawa gold leaf,https://www.kinpaku.co.jp/,,,確認済み
is004,九谷焼 鏑木商舗,Kaburaki Kutani,石川,中部,硝子・陶磁器,金沢の九谷焼老舗,Kanazawa heritage Kutani-yaki,https://www.kaburaki.jp/,,,確認済み
is005,九谷青窯,Kutani Seiyo,石川,中部,硝子・陶磁器,能美の九谷焼窯元,Nomi Kutani-yaki kiln,https://kutaniseiyou.co.jp/,,,確認済み
is006,上出長右衛門窯,Kamide Choemon Kiln,石川,中部,硝子・陶磁器,能美の九谷焼名窯,Famous Nomi Kutani kiln,https://choemon.com/,,,確認済み
is007,金沢箔工芸 銀座箔座,Hakuza Kanazawa,石川,中部,伝統工芸,金沢金箔ライフスタイル,Kanazawa gold-leaf lifestyle,https://hakuza.co.jp/,,,確認済み
is008,輪島キリモト,Wajima Kirimoto,石川,中部,伝統工芸,輪島塗の現代工房,Modern Wajima lacquer atelier,https://www.kirimoto.net/,,,確認済み
is009,輪島塗 桐本,Kirimoto Wajima,石川,中部,伝統工芸,輪島塗の伝統工房,Traditional Wajima lacquer,http://kirimoto.net/,,,
is010,輪島塗 田谷漆器店,Taya Wajima Lacquer,石川,中部,伝統工芸,輪島塗の老舗,Heritage Wajima lacquer,https://www.tayashikkiten.co.jp/,,,確認済み
is011,加賀友禅 毎田染画工芸,Maida Senga Kaga Yuzen,石川,中部,アパレル・繊維,加賀友禅の伝統工房,Kaga yuzen dye atelier,http://www.maida-yuzen.com/,,,
is014,福光屋,Fukumitsuya,石川,中部,酒造,金沢の純米酒蔵,Kanazawa all-junmai sake brewer,https://www.fukumitsuya.co.jp/,,,確認済み
is015,農口尚彦研究所,Noguchi Naohiko Sake Inst.,石川,中部,酒造,能登の名杜氏が率いる蔵,Brewery led by master toji Noguchi,https://noguchi-naohiko.co.jp/,,,確認済み
is016,宗玄酒造,Sogen Brewery,石川,中部,酒造,珠洲の老舗酒蔵,Suzu heritage sake brewer,https://www.sogen-shuzou.com/,,,確認済み
is017,加賀鳶 (福光屋),Kagatobi,石川,中部,酒造,金沢の純米酒ブランド,Kanazawa premium junmai brand,https://www.fukumitsuya.co.jp/,,,
is019,金沢茶屋街 中田屋,Nakataya Kintsuba,石川,中部,食品・調味料,金沢のきんつば老舗,Heritage Kanazawa kintsuba,https://kintuba.co.jp/,,,確認済み
is020,加賀棒茶 丸八製茶場,Maruhachi Seichaba,石川,中部,お茶,加賀棒茶の老舗,Heritage Kaga bocha (twig tea),https://www.kagaboucha.co.jp/,,,確認済み
is021,小堀酒造店,Kobori Brewery,石川,中部,酒造,白山の老舗酒蔵,Hakusan heritage brewer,https://hakusan-syuzo.com/,,,確認済み
is024,能登塩工房,Noto Salt Atelier,石川,中部,食品・調味料,能登の揚浜式塩田,Noto agehama-style salt,https://www.sionosato.com/,,,
is025,九谷焼 錦山窯,Kinzan Kutani Kiln,石川,中部,硝子・陶磁器,九谷焼の伝統窯元,Heritage Kutani kiln,https://kinzangama.com/,,,
fi001,鯖江メガネ工房 田中眼鏡,Tanaka Megane Sabae,福井,中部,その他工業製品,鯖江の眼鏡フレーム,Sabae eyewear frame maker,https://tanakagannkyou.com/,,,
fi002,金子眼鏡 鯖江,Kaneko Megane Sabae,福井,中部,その他工業製品,鯖江の高級眼鏡,Sabae premium eyewear,https://www.kaneko-optical.co.jp/,,,確認済み
fi003,BJクラシック (鯖江),BJ Classic Sabae,福井,中部,その他工業製品,鯖江の手作り眼鏡,Sabae handmade eyewear,https://www.bjclassic.jp/,,,確認済み
fi004,ボストンクラブ,Boston Club,福井,中部,その他工業製品,鯖江の眼鏡デザイン,Sabae eyewear design,https://www.bostonclub.co.jp/,,,確認済み
fi005,白山眼鏡店 (鯖江),Hakusan Megane,福井,中部,その他工業製品,鯖江の老舗眼鏡,Heritage Sabae eyewear,https://hakusan-megane.co.jp/,,,確認済み
fi006,フォーナインズ (鯖江),999.9 Four Nines,福井,中部,その他工業製品,鯖江の高機能眼鏡,Sabae high-function eyewear,https://www.fournines.co.jp/,,,確認済み
fi007,越前漆器 漆琳堂,Shitsurindo Echizen Lacquer,福井,中部,伝統工芸,越前漆器の老舗,Heritage Echizen lacquer,https://www.shitsurindo.com/,,,確認済み
fi008,越前漆器 関坂漆器,Sekisaka Lacquer,福井,中部,伝統工芸,越前漆器の老舗,Heritage Echizen lacquer,https://sekisaka.co.jp/home.php,,,
fi009,越前打刃物 龍泉刃物,Ryusen Hamono,福井,中部,刃物・金物,越前打刃物の高級包丁,Echizen forged premium knives,https://ryusen-hamono.com/,,,確認済み
fi010,高村刃物製作所,Takamura Hamono,福井,中部,刃物・金物,越前打刃物の名工,Echizen master bladesmith,https://www.knife-takamura.com/,,,確認済み
fi011,越前和紙 岩野市兵衛,Iwano Ichibei Washi,福井,中部,和紙・紙製品,越前和紙の人間国宝,Echizen washi Living National Treasure,https://www.iwano-ichibei.jp/,,,確認済み
fi012,杉原商店 (越前和紙),Sugihara Shoten Washi,福井,中部,和紙・紙製品,越前和紙の老舗,Heritage Echizen washi,https://www.washiya.com/,,,確認済み
fi014,南部酒造場,Nanbu Sake Brewery,福井,中部,酒造,花垣の蔵元,Brewer of Hanagaki,https://www.hanagaki.co.jp/,,,確認済み
fi015,黒龍酒造,Kokuryu Brewery,福井,中部,酒造,福井の高級銘酒,Fukui premium sake brewer,https://www.kokuryu.co.jp/,,,確認済み
fi016,加藤吉平商店 (梵),Born Brewery (Kato Kichibei),福井,中部,酒造,鯖江の梵ブランド,Sabae brewer of BORN sake,https://www.born.co.jp/,,,確認済み
fi018,小浜塗箸 マツ勘,Matsukan Wakasa Hashi,福井,中部,木工・家具,若狭塗箸の老舗,Heritage Wakasa lacquer chopsticks,https://www.matsukan.com/,,,確認済み
fi019,小浜伝統箸 兵左衛門,Hyozaemon,福井,中部,木工・家具,若狭の塗箸メーカー,Wakasa chopstick maker,https://www.hyozaemon.co.jp/,,,確認済み
ym001,甲府ジュエリー協同組合,Kofu Jewelry Coop,山梨,中部,伝統工芸,甲府ジュエリーの製造拠点,Kofu jewelry production hub,https://yja.or.jp/,,,
ym004,勝沼醸造,Katsunuma Brewery,山梨,中部,酒造,甲州ワインの中堅,Koshu wine producer,https://www.katsunuma-winery.com/,,,確認済み
ym005,中央葡萄酒 (グレイス),Grace Wine,山梨,中部,酒造,勝沼の高級ワイナリー,Katsunuma premium winery,https://www.grace-wine.com/,,,確認済み
ym006,ルミエール (山梨ワイン),Lumiere Winery,山梨,中部,酒造,勝沼の老舗ワイナリー,Heritage Katsunuma winery,https://www.lumiere.jp/,,,確認済み
ym007,丸藤葡萄酒工業 (ルバイヤート),Rubaiyat Marufuji,山梨,中部,酒造,勝沼の伝統ワイナリー,Heritage Katsunuma winery,https://www.rubaiyat.jp/,,,確認済み
ym008,山梨銘醸 (七賢),Shichiken Brewery,山梨,中部,酒造,白州の老舗酒蔵,Hakushu heritage sake brewer,https://www.sake-shichiken.co.jp/,,,確認済み
ym009,武の井酒造,Takenoi Brewery,山梨,中部,酒造,北杜の地酒蔵,Hokuto local sake brewer,https://www.takenoi.jp/,,,確認済み
ym010,桔梗屋 (信玄餅),Kikyoya Shingen Mochi,山梨,中部,食品・調味料,信玄餅の老舗,Heritage Shingen mochi maker,https://www.kikyouya.co.jp/,,,確認済み
ym011,金精軒 信玄餅,Kinseiken Shingen Mochi,山梨,中部,食品・調味料,白州の信玄餅老舗,Hakushu heritage Shingen mochi,https://www.kinseiken.co.jp/,,,確認済み
ym012,小作 (ほうとう),Kosaku Houtou,山梨,中部,食品・調味料,山梨ほうとうの老舗,Heritage Yamanashi houtou,https://www.kosaku.co.jp/,,,
ym013,郡内織物協同組合,Gunnai Textile Coop,山梨,中部,アパレル・繊維,富士吉田の郡内織,Fujiyoshida gunnai weaving,https://fujiyoshida.yamanashi-tex.jp/,,,
ym014,テンジン (富士吉田織物),Tenjin Fujiyoshida,山梨,中部,アパレル・繊維,富士吉田の高密度織物,Fujiyoshida high-density textile,https://www.tenjin-factory.com/,,,
nn002,丸高蔵 (諏訪味噌),Marutaka Suwa Miso,長野,中部,食品・調味料,諏訪の老舗味噌蔵,Suwa heritage miso brewer,https://marutaka-suwa.com/,,,確認済み
nn004,信州蕎麦 おびなた,Obinata Shinshu Soba,長野,中部,食品・調味料,信州そば老舗,Heritage Shinshu soba maker,https://www.obinata.co.jp/,,,確認済み
nn005,渡辺製麺 信州そば,Watanabe Seimen,長野,中部,食品・調味料,信州そばの製麺,Shinshu soba noodle maker,,,,
nn006,信州ハム,Shinshu Ham,長野,中部,食品・調味料,信州の老舗ハム,Heritage Shinshu ham,https://www.shinshuham.co.jp/,,,確認済み
nn007,白馬錦 薄井商店,Usui Shoten (Hakubanishiki),長野,中部,酒造,白馬の地酒蔵,Hakuba local sake brewer,https://www.hakubanishiki.com/,,,確認済み
nn008,宮坂醸造 (真澄),Miyasaka (Masumi),長野,中部,酒造,諏訪の七号酵母発祥蔵,"Suwa, origin of No.7 yeast",https://www.masumi.co.jp/,,,確認済み
nn009,舞姫酒造,Maihime Brewery,長野,中部,酒造,諏訪の地酒蔵,Suwa local sake brewer,https://maihime.co.jp/,,,確認済み
nn010,小布施ワイナリー,Obuse Winery,長野,中部,酒造,小布施のワイン蔵,Obuse winery,https://www.obusewinery.com/,,,確認済み
nn011,小布施堂 (栗菓子),Obusedo,長野,中部,食品・調味料,小布施の栗菓子老舗,Heritage Obuse chestnut sweets,https://obusedo.com/,,,確認済み
nn012,竹風堂 (栗菓子),Chikufudo,長野,中部,食品・調味料,小布施の栗菓子,Obuse chestnut sweets,https://www.chikufudo.com/,,,確認済み
nn013,松本民芸家具,Matsumoto Mingei Furniture,長野,中部,木工・家具,松本の民芸家具,Matsumoto folk-craft furniture,https://www.matsumin.com/,,,確認済み
nn014,飯山仏壇,Iiyama Butsudan,長野,中部,伝統工芸,飯山の伝統仏壇,Iiyama traditional altars,https://iiyama-butsudan.net/,,,
nn015,内山紙協同組合,Uchiyama Washi Coop,長野,中部,和紙・紙製品,内山和紙の伝統,Uchiyama washi tradition,http://www.uchiyama-gami.jp/,,,
gf001,美濃焼 玉山窯,Tamayama Kiln Mino,岐阜,中部,硝子・陶磁器,美濃焼の老舗窯元,Heritage Mino-yaki kiln,,,,
gf002,美濃焼 SAKUZAN,Sakuzan Mino,岐阜,中部,硝子・陶磁器,美濃焼の現代陶器,Modern Mino pottery,https://sakuzan.co.jp/,,,確認済み
gf003,美濃焼 BARBAR (馬場商店),BARBAR Baba Shoten,岐阜,中部,硝子・陶磁器,美濃焼の現代ブランド,Modern Mino-yaki brand,https://www.barbar.co.jp/,,,確認済み
gf004,丸朝製陶所,Marutomo Pottery,岐阜,中部,硝子・陶磁器,美濃焼の窯元,Mino-yaki kiln,https://www.maruasa.jp/,,,
gf005,美濃焼 山志製陶所,Yamashi Mino Pottery,岐阜,中部,硝子・陶磁器,美濃焼の中堅窯元,Mid-size Mino kiln,http://yamashi2951.com/,,,
gf006,三星刃物株式会社,Mitsuboshi Cutlery Seki,岐阜,中部,刃物・金物,関の伝統刀工,Seki traditional sword smithing,,,,
gf007,関市 関孫六 (貝印関連OEM),Seki Magoroku Cutlery,岐阜,中部,刃物・金物,関の包丁伝統,Seki blade tradition,https://www.kai-group.com/,,,確認済み
gf009,スミカマ,Sumikama Cutlery,岐阜,中部,刃物・金物,関の包丁メーカー,Seki knife maker,https://sumikama.co.jp/,,,確認済み
gf010,美濃和紙 古川紙工,Kogawa Mino Washi,岐阜,中部,和紙・紙製品,美濃和紙の老舗,Heritage Mino washi,https://www.furukawashiko.com/,,,
gf011,美濃和紙 家田紙工,Ieda Mino Washi,岐阜,中部,和紙・紙製品,美濃和紙のメーカー,Mino washi maker,https://www.iedashikou.com/,,,確認済み
gf013,渋草柳造窯,Shibukusa Ryuzo Kiln,岐阜,中部,硝子・陶磁器,飛騨渋草焼の窯元,Hida Shibukusa kiln,https://www.shibukusa.com/,,,
gf014,飛騨家具 オークヴィレッジ,Oak Village Hida,岐阜,中部,木工・家具,飛騨の国産材家具,Hida domestic-wood furniture,https://oakv.co.jp/,,,確認済み
gf015,飛騨産業,Hida Sangyo Furniture,岐阜,中部,木工・家具,飛騨家具の代表,Representative Hida furniture,https://www.hidasangyo.com/,,,確認済み
gf016,柏木工,Kashiwa Mokko,岐阜,中部,木工・家具,飛騨家具の老舗,Heritage Hida furniture,https://www.kashiwa.gr.jp/,,,確認済み
gf017,白扇酒造,Hakusen Brewery,岐阜,中部,酒造,川辺町の本みりん蔵,Kawabe town hon-mirin brewer,https://www.hakusen.co.jp/,,,確認済み
gf018,小坂酒造場,Kosaka Brewery,岐阜,中部,酒造,美濃の地酒蔵,Mino local sake brewer,https://www.kosaka-syuzou.com/,,,確認済み
gf019,渡辺酒造店 (蓬莱),Watanabe Brewery (Hourai),岐阜,中部,酒造,飛騨古川の蔵元,Hida Furukawa sake brewer,https://www.sake-hourai.co.jp/,,,確認済み
gf022,岐阜提灯 オゼキ,Ozeki Gifu Chochin,岐阜,中部,伝統工芸,岐阜提灯の老舗,Heritage Gifu chochin lantern,https://www.ozeki-lantern.co.jp/,,,確認済み
gf025,飛騨ミート農業協同組合連合会,Hida Beef Coop,岐阜,中部,食品・調味料,飛騨牛の加工,Hida beef processor,,,,
sz001,株式会社丸山園,Maruyama-en Tea,静岡,中部,お茶,静岡茶の老舗茶園,Heritage Shizuoka tea grower,,,,
sz002,小柳津清一商店,Oyaizu Seiichi,静岡,中部,お茶,静岡茶老舗,Heritage Shizuoka tea,https://oyaizu.co.jp/,,,
sz005,佐藤製茶 (御茶屋),Sato Seicha,静岡,中部,お茶,静岡茶の製茶問屋,Shizuoka tea wholesaler,http://www.marukabu.co.jp/,,,
sz007,丸七製茶 (ななや),Maruhichi Nanaya,静岡,中部,お茶,藤枝の抹茶ジェラート,Fujieda matcha gelato,https://nanaya-matcha.com/,,,確認済み
sz008,中根製茶,Nakane Seicha,静岡,中部,お茶,掛川深蒸し茶老舗,Heritage Kakegawa fukamushi tea,https://nakanetea.jp/,,,
sz009,市川園,Ichikawa-en Tea,静岡,中部,お茶,静岡県内の茶園,Shizuoka tea grower,https://www.ichikawaen.co.jp/,,,
sz010,葉桐 (茶問屋),Hagiri Tea,静岡,中部,お茶,静岡茶の問屋老舗,Heritage Shizuoka tea wholesaler,https://hagiricha.com/,,,
sz013,株式会社杉養蜂園,Sugi Bee Garden Shizuoka,熊本,九州,食品・調味料,静岡の蜂蜜・健康食品,Shizuoka honey & health products,,,,
sz014,うなぎパイ本舗 春華堂,Shunkado Unagi Pie,静岡,中部,食品・調味料,浜松のうなぎパイ老舗,Heritage Hamamatsu Unagi Pie,https://www.shunkado.co.jp/,,,確認済み
sz015,治一郎 (バウムクーヘン),Jiichiro Baumkuchen,静岡,中部,食品・調味料,浜松のバウムクーヘン,Hamamatsu baumkuchen,https://www.jiichiro.com/,,,確認済み
sz016,安倍川餅 やまだいち,Yamadaichi Abekawa Mochi,静岡,中部,食品・調味料,静岡市の安倍川餅,Shizuoka City Abekawa mochi,https://www.yamadaichi.com/,,,確認済み
sz018,焼津水産加工,Yaizu Seafood Processing,静岡,中部,食品・調味料,焼津のかつお節・干物,Yaizu katsuobushi & dried fish,,,,
sz019,カネサ鰹節商店,Kanesa Katsuobushi,静岡,中部,食品・調味料,西伊豆の伝統かつお節,West Izu traditional katsuobushi,https://katsuobushi.com/,,,確認済み
sz020,磯自慢酒造,Isojiman,静岡,中部,酒造,焼津の高級酒蔵,Yaizu premium sake brewer,https://www.isojiman-sake.jp/,,,確認済み
sz021,株式会社駿河酒造場,Suruga Brewery,静岡,中部,酒造,静岡市の蔵元,Shizuoka City sake brewer,,,,
sz022,花の舞酒造,Hananomai Brewery,静岡,中部,酒造,浜松の地酒蔵,Hamamatsu local sake brewer,https://hananomai.co.jp/,,,確認済み
sz023,志太泉酒造,Shidaizumi Brewery,静岡,中部,酒造,藤枝の老舗酒蔵,Fujieda heritage sake brewer,https://shidaizumi.com/,,,確認済み
sz024,駿河竹千筋細工,Suruga Bamboo Crafts,静岡,中部,伝統工芸,駿河の竹細工伝統工芸,Suruga bamboo craft tradition,https://www.takesensuji.jp/,,,
ai003,瀬戸焼 瀬戸本業窯,Seto Hongyo Kiln,愛知,中部,硝子・陶磁器,瀬戸焼の伝統窯元,Heritage Seto-yaki kiln,https://www.setohongyo.jp/,,,確認済み
ai005,有松鳴海絞 竹田嘉兵衛商店,Takeda Kahei Shibori,愛知,中部,アパレル・繊維,有松絞りの老舗,Heritage Arimatsu shibori,https://www.takedakahei.co.jp/,,,確認済み
ai006,有松絞り 山上,Yamagami Arimatsu,愛知,中部,アパレル・繊維,有松絞りの工房,Arimatsu shibori atelier,,,,
ai007,豊橋筆 川合筆,Kawai Brush Toyohashi,愛知,中部,伝統工芸,豊橋筆の老舗,Heritage Toyohashi brush,https://kawai-fude.jp/,,,確認済み
ai008,嵩山工房,Suzando Toyohashi,愛知,中部,伝統工芸,豊橋筆の伝統工房,Toyohashi brush atelier,,,,
ai009,敷島製パン (愛知),Shikishima Bakery,愛知,中部,食品・調味料,愛知のパスコ系老舗,Heritage Aichi bakery (Pasco),https://www.pasconet.co.jp/,,,
ai010,カクキュー八丁味噌,Kakukyu Hatcho Miso,愛知,中部,食品・調味料,岡崎の老舗八丁味噌,Heritage Okazaki Hatcho miso,https://www.kakukyu.jp/,,,確認済み
ai011,まるや八丁味噌,Maruya Hatcho Miso,愛知,中部,食品・調味料,岡崎の八丁味噌老舗,Okazaki Hatcho miso heritage,https://www.maruyahatcho.com/,,,確認済み
ai012,ナカモ (つけてみそかけてみそ),Nakamo Miso,愛知,中部,食品・調味料,名古屋の味噌だれ,Nagoya miso sauce maker,https://www.nakamo.co.jp/,,,確認済み
ai014,妙香園 (お茶),Myokoen Tea,愛知,中部,お茶,名古屋の老舗茶舗,Heritage Nagoya tea shop,https://www.myokoen.com/,,,確認済み
ai015,美濃志野焼 美濃陶磁器組合,Mino Shino Coop,岐阜,中部,硝子・陶磁器,美濃焼の窯元組合,Mino-yaki kiln cooperative,,,,
ai016,萬乗醸造 (久野九平治),Banjo Brewery (Kuheiji),愛知,中部,酒造,名古屋の醸し人九平次,Nagoya brewer of Kuheiji,https://www.kuheiji.co.jp/,,,確認済み
ai017,盛田 (尾張味噌・酒),Morita Brewery,愛知,中部,酒造,知多の老舗酒蔵,Chita heritage sake brewer,https://www.nemuri-tonbo.com/,,,確認済み
ai018,金虎酒造,Kintora Brewery,愛知,中部,酒造,名古屋の地酒蔵,Nagoya local sake brewer,http://www.kintora.jp/,,,
ai029,東光金箔,Nagoya Gold Leaf,愛知,中部,伝統工芸,名古屋仏壇用金箔,Nagoya altar gold leaf,,,,
ai031,瀬戸染付焼 加藤,Kato Seto Sometsuke,愛知,中部,硝子・陶磁器,瀬戸染付焼の窯元,Seto sometsuke kiln,https://singama.jp/,,,
me001,伊勢角屋麦酒,Ise Kadoya Beer,三重,関西,酒造,伊勢の老舗クラフトビール,Heritage Ise craft beer,https://www.kadoyabeer.com/,,,確認済み
me002,赤福,Akafuku,三重,関西,食品・調味料,伊勢神宮門前の老舗餅菓子,Ise Shrine heritage mochi sweet,https://www.akafuku.co.jp/,,,確認済み
me003,へんばや商店,Henbaya,三重,関西,食品・調味料,伊勢のへんば餅老舗,Heritage Ise henba mochi,https://henbaya.jp/,,,確認済み
me005,ミキモト真珠養殖,Mikimoto Pearl Farm,三重,関西,伝統工芸,鳥羽の真珠養殖発祥,Toba pearl-farming origin,https://www.mikimoto-pearl.com/,,,確認済み
me006,伊勢志摩真珠 田崎工房,Tasaki Pearl Atelier,三重,関西,伝統工芸,伊勢志摩の真珠加工,Ise-Shima pearl atelier,https://www.tasaki.co.jp/,,,
me007,伊勢型紙 おおすぎ,Osugi Ise Katagami,三重,関西,和紙・紙製品,鈴鹿の伊勢型紙工房,Suzuka Ise katagami atelier,https://osugikatagami.jp/,,,確認済み
me008,伊勢木綿 臼井織布,Usui Orifu Ise Momen,三重,関西,アパレル・繊維,伊勢木綿の唯一の織元,Sole Ise momen weaver,https://isemomen.co.jp/,,,確認済み
me010,萬古急須 山口陶器,Yamaguchi Banko Kyusu,三重,関西,硝子・陶磁器,萬古焼の紫泥急須,Banko purple-clay teapot,https://yamaguchi-p.jp/,,,
me011,鈴鹿墨 進誠堂,Shinseido Suzuka Sumi,三重,関西,伝統工芸,鈴鹿墨の老舗,Heritage Suzuka ink maker,http://www.suzukazumi.co.jp/,,,
me012,伊賀焼 長谷園,Nagatani-en Iga-yaki,三重,関西,硝子・陶磁器,伊賀焼の老舗、かまどさん,"Heritage Iga-yaki, Kamado-san",https://www.igamono.co.jp/,,,確認済み
me014,半蔵酒造 (大田酒造),Ota Brewery (Hanzo),三重,関西,酒造,伊賀の半蔵蔵元,Iga brewer of Hanzo,https://www.hanzo-sake.com/,,,確認済み
me015,清水清三郎商店,Shimizu Seizaburo (Zaku),三重,関西,酒造,鈴鹿の作 (ザク)蔵元,Suzuka brewer of Zaku,https://seizaburo.jp/,,,確認済み
me016,早川酒造 (田光),Hayakawa Brewery,三重,関西,酒造,四日市の地酒、田光,Yokkaichi brewer of Tabika,https://hayakawasyuzou.jp/,,,確認済み
me019,四日市プラスチック工業,Yokkaichi Plastic Industry,三重,関西,その他工業製品,中小プラスチック成形,SME plastic molding,,,,
me020,伊勢茶 かぶせ茶 深緑茶房,Fukamidori Chabo Iseca,三重,関西,お茶,伊勢茶のかぶせ茶老舗,Heritage Ise kabusecha,https://www.shinsabo.com/,,,
sg001,信楽焼 明山陶業,Meizan Shigaraki,滋賀,関西,硝子・陶磁器,信楽焼の老舗窯元,Heritage Shigaraki-yaki kiln,https://meizan.com/,,,確認済み
sg002,信楽焼 古谷製陶所,Furutani Shigaraki,滋賀,関西,硝子・陶磁器,信楽焼の現代陶器,Modern Shigaraki pottery,https://furutani.co/,,,確認済み
sg003,信楽焼 大小屋,Daikoya Shigaraki,滋賀,関西,硝子・陶磁器,信楽焼の窯元グループ,Shigaraki kiln group,http://www.oogoya.co.jp/,,,
sg006,近江牛 千成亭,Sennaritei Omi Beef,滋賀,関西,食品・調味料,彦根の近江牛老舗,Hikone Omi beef heritage,https://www.sennaritei.co.jp/,,,
sg007,つるやパン,Tsuruya Pan,滋賀,関西,食品・調味料,長浜のサラダパン老舗,Nagahama salad bread maker,https://tsuruyapan.jp/,,,確認済み
sg008,叶 匠寿庵,Kano Shojuan,滋賀,関西,食品・調味料,大津の和菓子老舗,Otsu heritage wagashi,https://kanou.com/,,,確認済み
sg009,クラブハリエ,Club Harie,滋賀,関西,食品・調味料,近江八幡のバウムクーヘン,Omihachiman baumkuchen,https://clubharie.jp/,,,確認済み
sg010,たねや,Taneya,滋賀,関西,食品・調味料,近江八幡の老舗和菓子,Heritage Omihachiman wagashi,https://taneya.jp/,,,確認済み
sg012,福井弥平商店 (萩乃露),Fukui Yahei (Hagi no Tsuyu),滋賀,関西,酒造,高島の老舗酒蔵,Takashima heritage sake brewer,https://www.fukui-yahei.co.jp/,,,確認済み
sg013,喜多酒造 (喜楽長),Kita Brewery (Kirakucho),滋賀,関西,酒造,東近江の地酒蔵,Higashi-Omi local sake,https://kirakucho.jp/,,,確認済み
sg014,冨田酒造 (七本鎗),Tomita Brewery,滋賀,関西,酒造,長浜の七本鎗蔵元,Nagahama brewer of Shichihonyari,https://www.7yari.co.jp/,,,確認済み
ky001,西陣織 細尾,Hosoo Nishijin,京都,関西,アパレル・繊維,西陣織の革新企業,Innovative Nishijin weaver,https://www.hosoo.co.jp/,,,確認済み
ky002,西陣織 川島織物セルコン,Kawashima Selkon Nishijin,京都,関西,アパレル・繊維,西陣織の老舗,Heritage Nishijin weaver,https://www.kawashimaselkon.com/,,,確認済み
ky003,西陣 渡文,Watabun Nishijin,京都,関西,アパレル・繊維,西陣織の名門,Famed Nishijin weaver,https://watabun.co.jp/,,,
ky004,西陣 山口源兵衛 (誉田屋),Kondaya Genbei,京都,関西,アパレル・繊維,西陣の帯老舗,Heritage Nishijin obi sash,https://www.kondaya.com/,,,確認済み
ky005,龍村美術織物,Tatsumura Textile,京都,関西,アパレル・繊維,西陣の高級織物,Premium Nishijin textile,https://www.tatsumura.co.jp/,,,確認済み
ky006,京友禅 千總,Chiso Kyoto Yuzen,京都,関西,アパレル・繊維,京友禅の老舗,Heritage Kyo-yuzen,https://www.chiso.co.jp/,,,確認済み
ky007,京友禅 高橋徳,Takahashi Toku Yuzen,京都,関西,アパレル・繊維,京友禅の伝統工房,Kyo-yuzen atelier,,,,
ky009,京うちわ 阿以波,Aiba Kyo-uchiwa,京都,関西,伝統工芸,京うちわの老舗,Heritage Kyo uchiwa fan,https://www.aiba-kyouchiwa.jp/,,,確認済み
ky010,京扇子 宮脇賣扇庵,Miyawaki Baisenan,京都,関西,伝統工芸,京扇子の老舗,Heritage Kyo folding fan,https://www.baisenan.co.jp/,,,確認済み
ky011,京扇子 白竹堂,Hakuchikudo,京都,関西,伝統工芸,京扇子の老舗,Heritage Kyo folding fan,https://www.hakuchikudo.co.jp/,,,確認済み
ky012,清水焼 朝日堂,Asahido Kiyomizu,京都,関西,硝子・陶磁器,清水焼の老舗,Heritage Kiyomizu-yaki,https://www.asahido.co.jp/,,,確認済み
ky014,清水焼 京焼 陶磁器試作,Kyo-yaki Atelier,京都,関西,硝子・陶磁器,清水・京焼の窯元組合,Kyo-yaki kiln cooperative,https://www.kiyomizuyaki.or.jp/,,,
ky015,京和傘 日吉屋,Hiyoshiya Wagasa,京都,関西,伝統工芸,京和傘の老舗,Heritage Kyoto wagasa,https://www.wagasa.com/,,,確認済み
ky016,京漆器 象彦,Zohiko Kyo-shikki,京都,関西,伝統工芸,京漆器の老舗,Heritage Kyo lacquerware,https://www.zohiko.co.jp/,,,確認済み
ky017,象彦,Nakajima Zohiko,京都,関西,伝統工芸,京漆器の伝統工房,Kyo lacquerware atelier,,,,
ky018,京組紐 安達,Adachi Kyo Kumihimo,京都,関西,伝統工芸,京組紐の伝統工房,Kyo kumihimo atelier,http://www.adachikumihimokan.com/,,,
ky019,京数珠 安田念珠店,Yasuda Juzu,京都,関西,伝統工芸,京数珠の老舗,Heritage Kyoto juzu beads,https://www.yasuda-juzu.co.jp/,,,確認済み
ky020,京人形 川瀬猪山,Kawase Inoyama Doll,京都,関西,伝統工芸,京人形の伝統工房,Kyo doll atelier,https://kawase-chozan.com/,,,
ky021,京銘竹 公長齋小菅,Kohchosai Kosuga Bamboo,京都,関西,伝統工芸,京銘竹の竹工芸,Kyo meichiku bamboo craft,https://www.kohchosai.co.jp/,,,確認済み
ky022,京菓子 鶴屋吉信,Tsuruya Yoshinobu,京都,関西,食品・調味料,京菓子の老舗,Heritage Kyoto wagashi,https://www.turuya.co.jp/,,,確認済み
ky023,京菓子 とらや京都,Toraya Kyoto,京都,関西,食品・調味料,京の老舗和菓子,Heritage Kyoto wagashi,https://www.toraya-group.co.jp/,,,確認済み
ky024,老松,Oimatsu,京都,関西,食品・調味料,北野天満宮の和菓子,Kitano Tenmangu wagashi heritage,https://oimatu.co.jp/,,,確認済み
ky025,末富 (京菓子),Suetomi,京都,関西,食品・調味料,京菓子の老舗末富,Heritage Kyoto wagashi Suetomi,https://www.kyoto-suetomi.com/,,,確認済み
ky026,七條甘春堂,Shichijo Kanshundo,京都,関西,食品・調味料,京菓子老舗、和菓子作り体験,Heritage Kyoto wagashi class,https://7jyo-kansyundo.co.jp/,,,確認済み
ky027,中村藤吉本店,Nakamura Tokichi,京都,関西,お茶,宇治茶の老舗、抹茶スイーツ,Heritage Uji tea & matcha sweets,https://www.tokichi.jp/,,,確認済み
ky028,伊藤久右衛門,Ito Kyuemon,京都,関西,お茶,宇治抹茶の老舗,Heritage Uji matcha,https://www.itohkyuemon.co.jp/,,,確認済み
ky029,丸久小山園,Marukyu Koyamaen,京都,関西,お茶,宇治抹茶の最高級老舗,Premium Uji matcha heritage,https://www.marukyu-koyamaen.co.jp/,,,確認済み
ky030,森半 (共栄製茶),Morihan,京都,関西,お茶,宇治抹茶の老舗,Heritage Uji matcha,https://www.morihan.com/,,,確認済み
ky031,祇園辻利,Gion Tsujiri,京都,関西,お茶,祇園の抹茶老舗,Heritage Gion matcha,https://www.giontsujiri.co.jp/,,,確認済み
ky032,福寿園,Fukujuen,京都,関西,お茶,宇治茶の老舗,Heritage Uji tea,https://www.fukujuen.com/,,,確認済み
ky033,一保堂茶舗,Ippodo Tea,京都,関西,お茶,京都の老舗茶舗,Heritage Kyoto tea house,https://www.ippodo-tea.co.jp/,,,確認済み
ky034,よーじや,Yojiya,京都,関西,化粧品,あぶらとり紙の老舗,Heritage aburatorigami (oil blotter),https://www.yojiya.co.jp/,,,確認済み
ky036,京コスメ 白鳳堂 (筆),Hakuhodo Brush Kyoto,京都,関西,化粧品,化粧筆の名門,Famed cosmetic brush maker,https://www.hakuhodo.jp/,,,確認済み
ky037,株式会社クラブコスメチックス,Club Cosmetics Kyoto,大阪,関西,化粧品,京都発化粧品老舗,Heritage Kyoto cosmetics,,,,
ky038,NEMOHAMO,Nemohamo,京都,関西,化粧品,京都オーガニックコスメ,Kyoto organic cosmetics brand,https://nemohamo.com/,,,確認済み
ky040,舞妓はん,Maikohan,京都,関西,化粧品,京都発おしろい・コスメ,Kyoto powder & cosmetics,https://maikohan.com/,,,確認済み
ky041,月桂冠,Gekkeikan,京都,関西,酒造,伏見の老舗酒蔵,Heritage Fushimi sake brewer,https://www.gekkeikan.co.jp/,,,確認済み
ky042,招德酒造,Shotoku Brewery,京都,関西,酒造,伏見の中小酒蔵,Fushimi small sake brewer,https://shotoku.co.jp/,,,確認済み
ky043,佐々木酒造,Sasaki Brewery,京都,関西,酒造,京都市内唯一の市中蔵,Sole brewer in Kyoto city core,https://jukondo.jp/,,,確認済み
ky044,松井酒造,Matsui Brewery,京都,関西,酒造,京都の老舗酒蔵,Heritage Kyoto sake brewer,https://matsuishuzo.com/,,,
ky045,齊藤酒造 (英勲),Saito Brewery (Eikun),京都,関西,酒造,伏見の蔵元、英勲,Fushimi brewer of Eikun,https://eikun.com/,,,確認済み
ky046,玉乃光酒造,Tamanohikari,京都,関西,酒造,伏見の純米酒蔵,Fushimi all-junmai brewer,https://www.tamanohikari.co.jp/,,,確認済み
ky047,京野菜加工 京漬物 西利,Nishiri Kyo Tsukemono,京都,関西,食品・調味料,京漬物の老舗,Heritage Kyoto pickles,https://www.nishiri.co.jp/,,,確認済み
ky048,京つけもの 大安,Daiyasu Kyo Tsukemono,京都,関西,食品・調味料,京漬物の老舗,Heritage Kyoto pickles,https://www.daiyasu.co.jp/,,,確認済み
ky049,打田漬物,Uchida Tsukemono,京都,関西,食品・調味料,錦市場の漬物老舗,Nishiki Market pickle heritage,https://www.kyoto-uchida.ne.jp/,,,
ky050,半兵衛麸,Hanbey Fu,京都,関西,食品・調味料,京麸の老舗,Heritage Kyoto fu (wheat gluten),https://www.hanbey.co.jp/,,,確認済み
ky051,麸嘉,Fuka,京都,関西,食品・調味料,京生麸の老舗,Heritage Kyoto raw fu,https://www.fuka-kyoto.com/,,,確認済み
ky052,湯豆腐 順正,Junsei Tofu,京都,関西,食品・調味料,南禅寺の湯豆腐老舗,Nanzenji yudofu heritage,http://www.to-fu.co.jp/,,,
ky053,老舗豆腐 嵯峨豆腐 森嘉,Morika Saga Tofu,京都,関西,食品・調味料,嵯峨の老舗豆腐,Heritage Saga tofu,https://www.sagatofu-morika.co.jp/,,,確認済み
ky054,村山造酢 (千鳥酢),Murayama Vinegar,京都,関西,食品・調味料,京都の千鳥酢老舗,Heritage Chidori vinegar Kyoto,https://www.chidorisu.co.jp/,,,確認済み
ky055,井筒八ッ橋本舗,Izutsu Yatsuhashi,京都,関西,食品・調味料,京銘菓 八ッ橋の老舗,Heritage Kyoto yatsuhashi,https://www.yatsuhashi.co.jp/,,,確認済み
ky056,聖護院八ッ橋総本店,Shogoin Yatsuhashi,京都,関西,食品・調味料,八ッ橋元祖の老舗,Yatsuhashi origin heritage,https://www.shogoin.co.jp/,,,確認済み
ky057,井和井 (京和雑貨),Iwai Kyoto Goods,京都,関西,伝統工芸,京都和雑貨の老舗,Heritage Kyoto Japanese goods,http://kyoto-iwai.co.jp/,,,
ky058,京焼陶磁器 雅楽窯,Gagaku Kiln Kyo-yaki,京都,関西,硝子・陶磁器,京焼の窯元,Kyoto pottery kiln,,,,
ky059,京香原 香老舗 松栄堂,Shoyeido Incense,京都,関西,伝統工芸,京都香の老舗,Heritage Kyoto incense,https://www.shoyeido.co.jp/,,,確認済み
ky060,京香 山田松香木店,Yamadamatsu Incense,京都,関西,伝統工芸,香木専門の老舗,Heritage incense wood specialist,https://www.yamadamatsu.co.jp/,,,確認済み
os002,堺一文字光秀,Sakai Ichimonji Mitsuhide,大阪,関西,刃物・金物,堺の包丁老舗,Heritage Sakai knife maker,https://www.aritsugu.com/,,,確認済み
os003,堺孝行刃物,Sakai Takayuki,大阪,関西,刃物・金物,堺打刃物の代表,Representative Sakai knife,https://www.sakaitakayuki.co.jp/,,,確認済み
os004,堺打刃物 山脇刃物製作所,Yamawaki Hamono,大阪,関西,刃物・金物,堺の包丁老舗,Heritage Sakai knives,https://www.yamawaki-hamono.co.jp/,,,
os005,堺打刃物 青木刃物製作所,Aoki Hamono,大阪,関西,刃物・金物,堺の包丁鍛冶,Sakai blade smithy,https://www.aoki-hamono.co.jp/,,,確認済み
os006,堺刃物協同組合,Sakai Cutlery Coop,大阪,関西,刃物・金物,堺刃物の組合,Sakai cutlery cooperative,https://www.sakaihamono.or.jp/,,,
os007,千成屋珈琲 (大阪の老舗),Sennariya Coffee,大阪,関西,食品・調味料,新世界の老舗珈琲,Shinsekai heritage coffee,https://www.sennariya-coffee.jp/,,,
os008,鶴橋風月,Tsuruhashi Fugetsu,大阪,関西,食品・調味料,鶴橋お好み焼老舗,Tsuruhashi okonomiyaki heritage,https://fugetsu.jp/,,,
os009,赤福以外 喜八洲総本舗,Kiyasu Sohonpo,大阪,関西,食品・調味料,大阪のみたらし団子老舗,Osaka heritage mitarashi,http://www.kiyasu.jp/,,,確認済み
os010,千鳥屋宗家,Chidoriya Soke,兵庫,関西,食品・調味料,大阪老舗和菓子,Heritage Osaka wagashi,,,,確認済み
os012,高麗食品,Korai Foods,大阪,関西,食品・調味料,鶴橋のキムチ老舗,Tsuruhashi kimchi heritage,https://kimchi.jp/,,,
os013,ハクション大魔王 食品 (鴻商店),Otori Shoten Foods,大阪,関西,食品・調味料,大阪の食品OEM,Osaka food OEM,,,,
os016,大阪欄間 木下欄間,Kinoshita Ranma,大阪,関西,木工・家具,大阪欄間の伝統工芸,Osaka ranma transom craft,https://kinoshitaranmaten.hp.peraichi.com/,,,
os017,大阪唐木指物,Osaka Karaki Sashimono,大阪,関西,木工・家具,大阪唐木指物の工房,Osaka karaki joinery atelier,,,,
os018,大阪錫器 すずや,Suzuya Tin Osaka,大阪,関西,伝統工芸,大阪錫器の伝統工房,Osaka tinware atelier,http://www.osakasuzuki.co.jp/,,,
os027,オージーケーカブト (ヘルメット),OGK Kabuto,大阪,関西,特許関連製品,東大阪のヘルメット技術,Higashi-Osaka helmet patents,https://www.ogkkabuto.co.jp/,,,確認済み
os029,千鳥饅頭総本舗,Chidori Manju,大阪,関西,食品・調味料,大阪老舗の饅頭,Heritage Osaka manju,https://www.chidoriya.co.jp/,,,
os033,秋鹿酒造,Akishika Brewery,大阪,関西,酒造,能勢の地酒蔵,Nose local sake brewer,,,,確認済み
os034,西條合資会社 (天野酒),Saijo Brewery (Amano),大阪,関西,酒造,河内長野の天野酒,Kawachi-Nagano brewer of Amano,https://www.amanosake.com/,,,確認済み
os035,利休蔵 (大阪市内),Rikyu Brewery Osaka,大阪,関西,酒造,大阪の小規模蔵元,Small Osaka sake brewery,,,,
os038,大阪欄間組合,Osaka Ranma Coop,大阪,関西,木工・家具,大阪欄間の組合,Osaka ranma cooperative,https://osaka-ranma.com/,,,
hy001,灘 菊正宗酒造,Kikumasamune,兵庫,関西,酒造,灘五郷の老舗酒蔵,Heritage Nada-Gogo sake,https://www.kikumasamune.co.jp/,,,確認済み
hy002,白鶴酒造,Hakutsuru,兵庫,関西,酒造,灘の老舗酒蔵,Heritage Nada sake brewer,https://www.hakutsuru.co.jp/,,,確認済み
hy003,剣菱酒造,Kenbishi,兵庫,関西,酒造,灘の歴史ある酒蔵,Historic Nada sake brewer,https://www.kenbishi.co.jp/,,,確認済み
hy004,沢の鶴,Sawanotsuru,兵庫,関西,酒造,灘の純米酒蔵,Nada all-junmai brewer,https://www.sawanotsuru.co.jp/,,,確認済み
hy005,小西酒造 (白雪),Konishi Brewery (Shirayuki),兵庫,関西,酒造,伊丹の老舗酒蔵,Itami heritage sake brewer,https://www.konishi.co.jp/,,,確認済み
hy006,龍力 (本田商店),Honda Shoten (Tatsuriki),兵庫,関西,酒造,姫路の山田錦蔵元,Himeji Yamadanishiki brewer,https://www.taturiki.com/,,,確認済み
hy007,播州刃物 水池長弥,Mizuike Banshu Hamono,兵庫,関西,刃物・金物,小野の播州刃物,Ono Banshu cutlery,,,,確認済み
hy008,播州そろばん 宮本算盤,Miyamoto Banshu Soroban,兵庫,関西,伝統工芸,小野の播州そろばん,Ono Banshu soroban abacus,,,,
hy009,丹波立杭焼 大熊窯,Okuma Tachikui-yaki,兵庫,関西,硝子・陶磁器,丹波立杭焼の窯元,Tamba Tachikui pottery kiln,https://ohkumagama.com/,,,
hy012,明石焼 ふなまち,Funamachi Akashiyaki,兵庫,関西,食品・調味料,明石玉子焼の老舗,Heritage Akashi tamago-yaki,https://funamachi.jp/,,,
hy014,神戸風月堂,Kobe Fugetsudo,兵庫,関西,食品・調味料,神戸ゴーフルの老舗,Heritage Kobe gaufre,https://www.kobe-fugetsudo.co.jp/,,,確認済み
hy015,モロゾフ (神戸),Morozoff,兵庫,関西,食品・調味料,神戸の洋菓子老舗,Heritage Kobe confectionery,https://www.morozoff.co.jp/,,,確認済み
hy017,播州素麺 揖保乃糸,Ibonoito Somen Coop,兵庫,関西,食品・調味料,揖保乃糸そうめんの組合,Ibonoito somen cooperative,https://www.ibonoito.or.jp/,,,確認済み
hy018,赤穂化成株式会社,Akō Salt,兵庫,関西,食品・調味料,赤穂の天日塩,Akō sun-dried salt,,,,
hy019,丹波黒 黒大豆加工,Tamba Black Bean,兵庫,関西,食品・調味料,丹波黒大豆の加工,Tamba black soybean processor,https://www.odagaki.co.jp/,,,
hy020,株式会社ヒライ,Hirai Kobe Beef,兵庫,関西,食品・調味料,神戸牛の加工,Kobe beef processor,,,,
hy021,豊岡鞄 工房COCOMEISTER,Cocomeister Toyooka,兵庫,関西,革製品,豊岡鞄の高級革鞄,Toyooka premium leather bags,https://cocomeister.jp/,,,確認済み
hy023,豊岡鞄協同組合,Toyooka Kaban Coop,兵庫,関西,革製品,豊岡鞄の組合,Toyooka bag cooperative,https://toyooka-kaban.jp/,,,確認済み
hy027,姫路精機工業株式会社,Himeji Precision,兵庫,関西,電子部品,姫路の精密金属加工,Himeji precision metalwork,,,,
hy029,播州織 産元織元,Banshu-ori Weaver,兵庫,関西,アパレル・繊維,西脇の播州織織元,Nishiwaki Banshu-ori weaver,https://www.banshuori.com/,,,確認済み
hy030,丹波布 工房,Tamba-fu Atelier,兵庫,関西,アパレル・繊維,丹波布の伝統織,Tamba-fu textile tradition,https://kabura-tambanuno.com/,,,
na001,奈良筆 あかしや,Akashiya Nara Brush,奈良,関西,伝統工芸,奈良筆の老舗,Heritage Nara writing brush,https://www.akashiya-fude.co.jp/,,,確認済み
na002,奈良墨 古梅園,Kobaien Nara Sumi,奈良,関西,伝統工芸,奈良墨の老舗 (1577年創業),"Heritage Nara ink, est.1577",https://kobaien.jp/,,,確認済み
na003,奈良墨 錦光園,Kinkoen Nara Sumi,奈良,関西,伝統工芸,奈良墨の老舗,Heritage Nara ink maker,https://kinkoen.jp/,,,
na004,高山茶筌 谷村丹後,Tanimura Tango Chasen,奈良,関西,伝統工芸,高山茶筌の人間国宝家系,"Takayama chasen, Living Treasure",https://take-yamada.com/,,,確認済み
na005,高山茶筌 久保左文,Kubo Sabun Chasen,奈良,関西,伝統工芸,高山茶筌の伝統工房,Takayama chasen atelier,https://chasen.jp/,,,
na006,奈良漆器 樽井,Tarui Nara Lacquer,奈良,関西,伝統工芸,奈良漆器の伝統工房,Nara lacquerware atelier,,,,
na007,赤膚焼 大塩,Oshio Akahada-yaki,奈良,関西,硝子・陶磁器,赤膚焼の窯元,Akahada-yaki kiln,https://akahadayaki.thebase.in/,,,確認済み
na008,奈良一刀彫,Nara Ittobori,奈良,関西,木工・家具,奈良の伝統一刀彫,Nara traditional ittobori carving,https://www.hina-ningyou.com/,,,
na009,中川政七商店,Nakagawa Masashichi,奈良,関西,伝統工芸,奈良発、日本工芸セレクト,Nara-born craft selector,https://www.yu-nakagawa.co.jp/,,,確認済み
na010,奈良蚊帳 (麻織物),Nara Kaya Asa,奈良,関西,アパレル・繊維,奈良蚊帳・麻織物,Nara kaya hemp textile,https://www.maruyama-seni.co.jp/,,,
na011,奈良井麻織物協同組合,Narai Asa Coop,奈良,関西,アパレル・繊維,奈良晒の麻織物,Nara sarashi hemp textile,,,,
na012,三輪素麺 山本,Yamamoto Miwa Somen,奈良,関西,食品・調味料,三輪素麺の老舗,Heritage Miwa somen maker,https://www.miwayama.co.jp/,,,確認済み
na013,三輪素麺 池利,Ikeri Miwa Somen,奈良,関西,食品・調味料,三輪素麺の老舗,Heritage Miwa somen,https://www.ikeri.co.jp/,,,確認済み
na014,三輪素麺マル勝,Marukatsu Miwa Somen,奈良,関西,食品・調味料,三輪素麺の製麺,Miwa somen maker,https://miwa-takada.co.jp/,,,
na015,奈良漬 山崎屋,Yamazakiya Nara-zuke,奈良,関西,食品・調味料,奈良漬の老舗,Heritage Nara-zuke pickles,https://www.naraduke.co.jp/,,,確認済み
na016,今西清兵衛商店 (春鹿),Imanishi Brewery (Harushika),奈良,関西,酒造,奈良の春鹿蔵元,Nara brewer of Harushika,https://www.harushika.com/,,,確認済み
na017,梅乃宿酒造,Umenoyado Brewery,奈良,関西,酒造,葛城の地酒蔵,Katsuragi local sake brewer,https://www.umenoyado.com/,,,確認済み
na018,油長酒造 (風の森),Yucho Brewery (Kaze no Mori),奈良,関西,酒造,御所の風の森蔵元,Gose brewer of Kaze no Mori,https://www.yucho-sake.jp/,,,確認済み
na019,奈良大和茶 月ヶ瀬,Tsukigase Yamato Tea,奈良,関西,お茶,大和茶月ヶ瀬の老舗,Heritage Tsukigase Yamato tea,https://www.tukicha.com/,,,
na020,奈良吉野葛 井上天極堂,Inoue Tenkyokudo Kuzu,奈良,関西,食品・調味料,吉野本葛の老舗,Heritage Yoshino kuzu starch,https://www.kudzu.co.jp/,,,確認済み
wk001,南高梅 紀州梅干本舗,Kishu Umeboshi Honpo,和歌山,関西,食品・調味料,紀州南高梅の梅干し,Nanko plum umeboshi,https://www.ume-honpo.co.jp/,,,
wk002,中田食品 (なかたのうめぼし),Nakata Food Umeboshi,和歌山,関西,食品・調味料,紀州梅干の老舗,Heritage Kishu umeboshi maker,https://www.nakatafoods.co.jp/,,,確認済み
wk003,五代庵 (梅干し),Godaian Umeboshi,和歌山,関西,食品・調味料,南高梅の老舗,Heritage Nanko umeboshi,https://www.kishu-umeboshi.jp/,,,確認済み
wk005,紀州備長炭,Kishu Binchotan,和歌山,関西,その他工業製品,紀州備長炭の老舗,Heritage Kishu binchotan charcoal,https://www.bincho.jp/,,,
wk007,紀州漆器 山家漆器店,Yamaie Kishu Lacquer,和歌山,関西,伝統工芸,海南の紀州漆器,Kainan Kishu lacquerware,https://yamaga-shikki.ocnk.net/,,,
wk008,高野山金剛峯寺 御用達 香,Koyasan Incense Atelier,和歌山,関西,伝統工芸,高野山の香老舗,Koyasan heritage incense,https://www.koyasandaisido.jp/,,,
wk009,中野BC (梅酒),Nakano BC,和歌山,関西,酒造,紀州梅酒の中堅,Mid-size Kishu plum-wine maker,https://www.nakano-group.co.jp/,,,確認済み
wk010,九重雜賀 (雑賀),Saika Brewery,和歌山,関西,酒造,和歌山の食用酢・酒蔵,Wakayama vinegar & sake brewer,https://www.kunokuni.co.jp/,,,確認済み
wk011,世界一統,Sekai Itto,和歌山,関西,酒造,和歌山市の老舗酒蔵,Wakayama City heritage sake,https://www.sekaiitto.co.jp/,,,確認済み
wk012,湯浅醤油 角長,Kadocho Yuasa Shoyu,和歌山,関西,食品・調味料,湯浅醤油発祥の老舗,Yuasa soy sauce origin,https://www.kadocho.co.jp/,,,確認済み
wk013,丸新本家 (湯浅醤油・金山寺味噌),Marushin Honke,和歌山,関西,食品・調味料,湯浅醤油・金山寺味噌,Yuasa shoyu & kinzanji miso,https://www.marushinhonke.com/,,,確認済み
wk014,紀州蜜柑加工,Kishu Mikan Processing,和歌山,関西,食品・調味料,和歌山みかんの加工,Wakayama mikan processor,https://kishushokuhin.co.jp/,,,
wk015,観音山フルーツガーデン,Kannonyama Fruit,和歌山,関西,食品・調味料,和歌山の柑橘加工,Wakayama citrus processor,https://kannonyama.com/,,,確認済み
tt001,鳥取砂丘らっきょう,Tottori Dune Rakkyo,鳥取,中国,食品・調味料,砂丘らっきょうの加工,Sand dune rakkyo processor,http://torishoku.com/,,,
tt005,千代むすび酒造,Chiyo Musubi,鳥取,中国,酒造,境港の地酒蔵,Sakaiminato local sake,https://chiyomusubi.co.jp/,,,確認済み
tt006,諏訪酒造 (鳥取),Suwa Sake Tottori,鳥取,中国,酒造,鳥取の地酒蔵,Tottori local sake brewer,https://suwaizumi.jp/,,,
tt007,鳥取大山ハム,Daisen Ham,鳥取,中国,食品・調味料,大山の老舗ハム,Heritage Daisen ham,https://www.daisenham.co.jp/,,,確認済み
tt010,石谷精華堂,Utsubuki Dango,鳥取,中国,食品・調味料,倉吉の老舗団子,Kurayoshi heritage dango,,,,
tt011,中井窯,Nakai Kiln,鳥取,中国,硝子・陶磁器,牛ノ戸焼の窯元,Ushinoto-yaki kiln,https://nakaigama.jp/,,,
sh001,出雲そば 本田商店,Honda Izumo Soba,島根,中国,食品・調味料,出雲そばの老舗,Heritage Izumo soba maker,https://sobahonda.com/,,,
sh002,羽根屋出雲そば,Haneya Izumo Soba,島根,中国,食品・調味料,出雲そばの老舗,Heritage Izumo soba,https://www.haneyasoba.co.jp/,,,確認済み
sh003,国暉酒造,Kokki Brewery,島根,中国,酒造,松江の老舗酒蔵,Matsue heritage sake brewer,https://kokki.jp/,,,
sh004,李白酒造,Rihaku Brewery,島根,中国,酒造,松江の地酒、李白,Matsue brewer of Rihaku,https://www.rihaku.co.jp/,,,確認済み
sh005,日本海酒造 (環日本海),Nihonkai Brewery,島根,中国,酒造,浜田の地酒蔵,Hamada local sake brewer,https://kan-nihonkai.com/,,,
sh006,奥出雲酒造,Okuizumo Brewery,島根,中国,酒造,奥出雲の地酒,Okuizumo local sake,https://okuizumosyuzou.com/,,,
sh007,出雲ぜんざい 坂根屋,Sakaneya Zenzai,島根,中国,食品・調味料,出雲ぜんざいの老舗,Heritage Izumo zenzai,https://www.sakaneya.jp/,,,
sh009,石見銀山 群言堂,Gungendo Iwami,島根,中国,アパレル・繊維,石見銀山発の生活雑貨ブランド,Iwami Ginzan lifestyle brand,https://www.gungendo.co.jp/,,,確認済み
sh012,出雲和紙工房,Izumo Washi Atelier,島根,中国,和紙・紙製品,出雲の伝統和紙,Izumo traditional washi,https://izumomingeishi.com/,,,
ok003,備前焼 伊勢崎陽山,Isezaki Yozan,岡山,中国,硝子・陶磁器,備前焼の名陶,Famed Bizen potter,,,,
ok004,備前焼陶友会,Bizen Toyukai,岡山,中国,硝子・陶磁器,備前焼の作家組合,Bizen potter cooperative,https://touyuukai.jp/,,,
ok005,児島ジーンズ ベティスミス,Betty Smith Kojima Denim,岡山,中国,アパレル・繊維,児島ジーンズの老舗,Heritage Kojima denim,https://betty.co.jp/,,,確認済み
ok006,児島ジーンズ 桃太郎ジーンズ,Momotaro Jeans,岡山,中国,アパレル・繊維,児島の高級デニム,Kojima premium denim,https://www.momotarojeans.com/,,,確認済み
ok007,児島 ジャパンブルー,Japan Blue Jeans,岡山,中国,アパレル・繊維,児島デニムブランド,Kojima denim brand,https://www.japanblue-jeans.com/,,,確認済み
ok008,児島 ビッグジョン,Big John Kojima,岡山,中国,アパレル・繊維,児島の老舗デニム,Heritage Kojima denim,https://www.bigjohn.co.jp/,,,確認済み
ok009,児島 EVISU JEANS,Evisu Jeans Kojima,岡山,中国,アパレル・繊維,児島の世界的デニム,World-famous Kojima denim,https://www.evisu.com/,,,確認済み
ok010,大江洋服店（OOE YOFUKUTEN）,OOE Yofukuten,岡山,中国,アパレル・繊維,児島デニムの職人ブランド,Kojima artisan denim brand,,,,
ok011,きびだんご 廣榮堂,Koeido Kibidango,岡山,中国,食品・調味料,岡山きびだんごの老舗,Heritage Okayama kibidango,https://www.koeido.co.jp/,,,確認済み
ok012,つるの玉子,Tsuru no Tamago,岡山,中国,食品・調味料,岡山銘菓鶴の玉子,Okayama heritage tsuru no tamago,https://tsurunotamago.jp/,,,
ok014,宮下酒造,Miyashita Brewery,岡山,中国,酒造,岡山の地酒・地ビール蔵,Okayama craft beer & sake brewer,https://www.msb.co.jp/,,,確認済み
ok015,室町酒造,Muromachi Brewery,岡山,中国,酒造,赤磐の地酒蔵,Akaiwa local sake brewer,https://www.sake-okayama.com/,,,確認済み
ok016,丸本酒造,Marumoto Brewery,岡山,中国,酒造,浅口の竹林蔵元,Asakuchi brewer of Chikurin,https://www.chikurin.jp/,,,確認済み
ok018,倉敷帆布,Kurashiki Hanpu,岡山,中国,アパレル・繊維,倉敷の帆布鞄・バッグ,Kurashiki canvas bag maker,https://www.kurashiki-hanpu.co.jp/,,,確認済み
ok019,倉敷意匠計画室,Kurashiki Ishou,岡山,中国,伝統工芸,倉敷の生活雑貨,Kurashiki lifestyle goods,https://www.classiky.co.jp/,,,確認済み
hi001,熊野筆 白鳳堂,Hakuhodo Kumano Brush,広島,中国,化粧品,熊野筆の最高級化粧筆,Premium Kumano cosmetic brush,https://www.hakuhodo.jp/,,,確認済み
hi002,熊野筆 竹宝堂,Chikuhodo Kumano,広島,中国,化粧品,熊野化粧筆の老舗,Heritage Kumano cosmetic brush,https://www.chikuhodo.com/,,,確認済み
hi003,熊野筆 晃祐堂,Koyudo Kumano Brush,広島,中国,化粧品,熊野化粧筆メーカー,Kumano cosmetic brush maker,https://www.koyudo.co.jp/,,,確認済み
hi004,熊野筆 喜筆,Kihitsu Kumano Brush,広島,中国,化粧品,熊野筆の伝統工房,Kumano brush atelier,https://www.kihitsu.jp/,,,
hi005,熊野筆協同組合,Kumano Brush Coop,広島,中国,化粧品,熊野筆の組合,Kumano brush cooperative,https://www.kumanofude.or.jp/,,,
hi006,宮島工芸製作所 (杓子),Miyajima Shamoji,広島,中国,木工・家具,宮島杓子の老舗,Heritage Miyajima rice paddle,https://miyajima-shamoji.jp/,,,確認済み
hi007,もみじ饅頭 にしき堂,Nishikido Momiji Manju,広島,中国,食品・調味料,もみじ饅頭の老舗,Heritage Momiji Manju,https://nisikido.co.jp/,,,確認済み
hi008,もみじ饅頭 やまだ屋,Yamadaya Momiji,広島,中国,食品・調味料,宮島もみじ饅頭の老舗,Heritage Miyajima Momiji Manju,https://yamadaya.co.jp/,,,確認済み
hi009,もみじ饅頭 藤い屋,Fujiiya Momiji,広島,中国,食品・調味料,宮島のもみじ饅頭,Miyajima Momiji Manju,https://www.momiji.co.jp/,,,確認済み
hi010,オタフクソース,Otafuku Sauce,広島,中国,食品・調味料,広島お好み焼ソース,Hiroshima okonomiyaki sauce,https://www.otafuku.co.jp/,,,確認済み
hi013,白牡丹酒造,Hakubotan,広島,中国,酒造,西条の老舗酒蔵,Saijo heritage sake brewer,https://hakubotan.co.jp/,,,確認済み
hi014,賀茂泉酒造,Kamoizumi,広島,中国,酒造,西条の純米酒蔵,Saijo all-junmai brewer,https://www.kamoizumi.co.jp/,,,確認済み
hi015,亀齢酒造,Kirei Brewery,広島,中国,酒造,西条の老舗酒蔵,Saijo heritage sake brewer,https://www.kireinishu.jp/,,,確認済み
hi016,福美人酒造,Fukubijin Brewery,広島,中国,酒造,西条の地酒蔵,Saijo local sake brewer,https://www.fukubijin.co.jp/,,,
hi017,竹鶴酒造,Taketsuru Brewery,広島,中国,酒造,竹原の老舗酒蔵,Takehara heritage sake brewer,https://www.taketsuru.co.jp/,,,確認済み
yc001,萩焼 大屋窯,Oyo-gama Hagi,山口,中国,硝子・陶磁器,萩焼の窯元,Hagi-yaki kiln,https://oyogama.com/,,,確認済み
yc002,萩焼 坂倉新兵衛,Sakakura Shinbei Hagi,山口,中国,硝子・陶磁器,萩焼の名門,Famed Hagi-yaki lineage,https://www.sakakurashinbei.com/,,,確認済み
yc003,萩焼 三輪窯,Miwa Kiln Hagi,山口,中国,硝子・陶磁器,萩焼の人間国宝家系,"Hagi, Living National Treasure",https://miwagama.com/,,,確認済み
yc004,大屋窯,Oya Pottery Hagi,山口,中国,硝子・陶磁器,萩焼の中堅,Mid-size Hagi-yaki,,,,
yc005,獺祭 (旭酒造),Asahi Shuzo (Dassai),山口,中国,酒造,岩国の獺祭蔵元,Iwakuni brewer of Dassai,https://www.asahishuzo.ne.jp/,,,確認済み
yc006,雁木 (八百新酒造),Yaoshin Brewery (Gangi),山口,中国,酒造,岩国の地酒、雁木,Iwakuni brewer of Gangi,https://yaoshin.co.jp/,,,確認済み
yc007,五橋 (酒井酒造),Sakai Brewery (Gokyo),山口,中国,酒造,岩国の老舗酒蔵,Iwakuni heritage sake brewer,https://gokyo-sake.co.jp/,,,確認済み
yc009,林兼産業株式会社,Hayashikane Fugu,山口,中国,食品・調味料,下関のふぐ加工,Shimonoseki fugu processor,,,,
yc011,北九州ニッスイ 宇部工場,Ube Kamaboko,山口,中国,食品・調味料,宇部の老舗かまぼこ,Heritage Ube kamaboko,,,,
yc012,瓦そば たかせ,Takase Kawara Soba,山口,中国,食品・調味料,下関瓦そば老舗,Heritage Shimonoseki kawara soba,https://www.kawarasoba.jp/,,,
ts001,阿波藍染 古庄染工所,Furusho Awa Indigo,徳島,四国,アパレル・繊維,阿波藍染の老舗,Heritage Awa indigo dye,https://furushou.jp/,,,確認済み
ts002,阿波藍染 BUAISOU,BUAISOU Indigo,徳島,四国,アパレル・繊維,阿波藍染の若手職人ブランド,Young Awa indigo artisan brand,https://www.buaisou-i.com/,,,確認済み
ts003,阿波和紙 阿波和紙伝統産業会館,Awagami Factory,徳島,四国,和紙・紙製品,阿波和紙の老舗,Heritage Awa washi,https://www.awagami.jp/,,,確認済み
ts004,鳴門わかめ加工,Naruto Wakame,徳島,四国,食品・調味料,鳴門わかめの加工,Naruto wakame processor,,,,
ts005,徳島すだち加工 松浦酒造,Tokushima Sudachi Sake,徳島,四国,酒造,すだちリキュール,Sudachi citrus liqueur,https://narutotai.jp/,,,
ts007,日新酒類,Nisshin Shurui,徳島,四国,酒造,徳島の地酒・リキュール,Tokushima sake & liqueur,https://www.nissin-shurui.co.jp/,,,
ts008,本家松浦酒造場,Matsuura Brewery (Narutotai),徳島,四国,酒造,鳴門鯛ブランドの蔵元,Brewer of Narutotai,https://www.narutotai.jp/,,,確認済み
ts009,芳水酒造 (徳島),Hosui Brewery,徳島,四国,酒造,三好の地酒蔵,Miyoshi local sake brewer,https://housui.com/,,,
ts010,和三盆 岡田製糖所,Okada Wasanbon,徳島,四国,食品・調味料,和三盆糖の老舗,Heritage wasanbon sugar maker,https://wasanbon.co.jp/,,,確認済み
ts012,徳島電子部品,Tokushima Electronic Parts,徳島,四国,電子部品,徳島の電子部品,Tokushima electronic parts,https://www.toku-den.com/,,,
kg001,讃岐うどん 山田家,Yamadaya Sanuki Udon,香川,四国,食品・調味料,讃岐うどんの老舗,Heritage Sanuki udon,https://yamada-ya.com/,,,確認済み
kg002,讃岐うどん 川福,Kawafuku Udon,香川,四国,食品・調味料,高松うどん老舗,Heritage Takamatsu udon,http://www.kawafuku.co.jp/,,,
kg003,讃岐うどん 石丸製麺,Ishimaru Seimen,香川,四国,食品・調味料,讃岐うどん製麺の老舗,Heritage Sanuki udon noodle maker,https://ishimaru-seimen.co.jp/,,,確認済み
kg004,丸亀うちわ 三谷,Mitani Marugame Uchiwa,香川,四国,伝統工芸,丸亀うちわの老舗,Heritage Marugame uchiwa,,,,
kg005,丸亀うちわ協同組合,Marugame Uchiwa Coop,香川,四国,伝統工芸,丸亀うちわの組合,Marugame uchiwa cooperative,https://www.marugameuchiwa.jp/,,,確認済み
kg007,小豆島 ヤマロク醤油,Yamaroku Soy Sauce,香川,四国,食品・調味料,小豆島の木桶醤油老舗,Shodoshima wooden-vat soy heritage,https://yama-roku.net/,,,確認済み
kg008,小豆島 マルキン醤油,Marukin Shoyu,香川,四国,食品・調味料,小豆島醤油の老舗,Heritage Shodoshima soy sauce,https://www.marukin-shoyu.com/,,,確認済み
kg009,小豆島オリーブ園,Shodoshima Olive Garden,香川,四国,食品・調味料,小豆島のオリーブ油,Shodoshima olive oil,https://shodoshima.or.jp/,,,確認済み
kg010,金陵 (西野金陵),Nishino Kinryo Brewery,香川,四国,酒造,金毘羅の老舗酒蔵,Konpira heritage sake brewer,https://kotobukinishino.com/,,,確認済み
kg011,川鶴酒造,Kawatsuru Brewery,香川,四国,酒造,観音寺の地酒蔵,Kanonji local sake brewer,https://kawatsuru.com/,,,確認済み
kg012,高松盆栽 (鬼無),Kinashi Bonsai,香川,四国,伝統工芸,鬼無の松盆栽,Kinashi pine bonsai,https://kinashibonsai.com/,,,確認済み
kg013,讃岐かがり手まり,Sanuki Temari,香川,四国,伝統工芸,讃岐かがり手まりの伝統工芸,Sanuki temari ball craft,,,,
kg014,骨付鳥 一鶴,Ikkaku Honetsuki Dori,香川,四国,食品・調味料,丸亀の骨付鳥老舗,Heritage Marugame honetsuki,https://www.ikkaku.co.jp/,,,確認済み
eh001,今治タオル コンテックス,Kontex Imabari Towel,愛媛,四国,アパレル・繊維,今治タオルの代表,Representative Imabari towel,https://www.kontex.co.jp/,,,確認済み
eh002,今治タオル 池内オーガニック,Ikeuchi Organic,愛媛,四国,アパレル・繊維,今治オーガニックタオル,Imabari organic towel,https://www.ikeuchi.org/,,,確認済み
eh003,今治タオル 楠橋紋織,Kusubashi Monori,愛媛,四国,アパレル・繊維,今治紋織タオル,Imabari monori towel,https://kusu-mon.com/,,,確認済み
eh005,今治タオル工業組合,Imabari Towel Coop,愛媛,四国,アパレル・繊維,今治タオルの組合,Imabari towel cooperative,https://www.itoweb.com/,,,確認済み
eh006,砥部焼 梅山窯,Baizan Tobeyaki,愛媛,四国,硝子・陶磁器,砥部焼の老舗窯元,Heritage Tobe-yaki kiln,https://www.tobeyaki.co.jp/,,,確認済み
eh007,砥部焼 中田窯,Nakata Tobe Kiln,愛媛,四国,硝子・陶磁器,砥部焼の窯元,Tobe-yaki kiln,,,,
eh008,伊予柑加工 ポンジュース系列,Iyokan Processor Ehime,愛媛,四国,食品・調味料,愛媛みかんの加工OEM,Ehime mikan OEM,,,,
eh009,霧の森 茶加工,Kirinomori Matcha,愛媛,四国,お茶,愛媛新宮村の抹茶加工,Shingu-mura matcha processor,https://kirinomori.co.jp/,,,確認済み
eh010,梅錦酒造,Umenishiki Brewery,愛媛,四国,酒造,四国中央の梅錦蔵元,Shikoku-Chuo brewer of Umenishiki,https://www.umenishiki.com/,,,確認済み
eh011,石鎚酒造,Ishizuchi Brewery,愛媛,四国,酒造,西条の地酒蔵,Saijo local sake brewer,https://www.ishizuchi.co.jp/,,,確認済み
eh012,水口酒造 (道後ビール),Mizuguchi Brewery (Dogo Beer),愛媛,四国,酒造,道後温泉の地ビール,Dogo Onsen craft beer,https://www.dogobeer.co.jp/,,,確認済み
eh013,大三島 みかん加工,Omishima Mikan,愛媛,四国,食品・調味料,大三島のみかん加工,Omishima mikan processor,https://keisho-farm.sakura.ne.jp/,,,
eh014,五十崎和紙,Ikazaki Washi,愛媛,四国,和紙・紙製品,内子の伝統大洲和紙,Uchiko Ozu washi tradition,https://www.ikazaki.jp/,,,
eh015,内子手すき和紙,Uchiko Tesuki Washi,愛媛,四国,和紙・紙製品,内子の手すき和紙,Uchiko handmade washi,https://tenjinsanshi.wixsite.com/uchiko,,,
kc001,土佐和紙 ロギール アウテンボーガルト,Rogier Toh Washi,高知,四国,和紙・紙製品,土佐和紙の海外職人,Tosa washi international artisan,https://kamikoya-washi.com/,,,確認済み
kc003,土佐打刃物 トヨクニ,Toyokuni Tosa Hamono,高知,四国,刃物・金物,土佐打刃物の老舗,Heritage Tosa cutlery,https://www.toyokuni.net/,,,確認済み
kc004,黒鳥鍛造工場,Kurotori Denkichi,高知,四国,刃物・金物,土佐打刃物の鍛冶,Tosa blade smithy,,,,
kc005,司牡丹酒造,Tsukasa Botan,高知,四国,酒造,佐川の老舗酒蔵,Sakawa heritage sake brewer,https://www.tsukasabotan.co.jp/,,,確認済み
kc006,無手無冠 (栗焼酎),Mutemuka,高知,四国,酒造,四万十栗焼酎,Shimanto chestnut shochu,https://www.mutemuka.com/,,,確認済み
kc007,高知ゆず加工 馬路村,Umaji Village Yuzu,高知,四国,食品・調味料,馬路村ゆずの加工,Umaji village yuzu products,https://umajimura.jp/,,,確認済み
kc008,高知ゆず ぽん酢 旭フレッシュ,Asahi Yuzu Ponzu,高知,四国,食品・調味料,高知ゆずぽん酢,Kochi yuzu ponzu maker,https://www.asahi-fresh.jp/,,,
kc009,土佐文旦加工,Tosa Buntan Processor,高知,四国,食品・調味料,土佐文旦の加工,Tosa buntan citrus processor,,,,
fo001,博多織 西村織物,Nishimura Hakata-ori,福岡,九州,アパレル・繊維,博多織の老舗,Heritage Hakata-ori weaver,https://www.nishimuraori.com/,,,確認済み
fo003,博多人形 中村,Nakamura Hakata Doll,福岡,九州,伝統工芸,博多人形の伝統工房,Hakata doll atelier,https://nakamura-ningyo.com/,,,確認済み
fo004,博多曲物 柴田玉樹,Shibata Hakata Magemono,福岡,九州,木工・家具,博多曲物の老舗,Heritage Hakata magemono,https://magemono.com/,,,
fo005,明月堂 (博多通りもん),Meigetsudo Tōrimon,福岡,九州,食品・調味料,博多通りもんの老舗,Heritage Hakata Tōrimon,https://www.meigetsudo.co.jp/,,,確認済み
fo006,ひよ子本舗吉野堂,Yoshinodo Hiyoko,福岡,九州,食品・調味料,ひよ子饅頭の老舗,Heritage Hiyoko sweet,https://www.hiyoko.co.jp/,,,確認済み
fo007,如水庵,Josuian,福岡,九州,食品・調味料,博多和菓子の老舗,Heritage Hakata wagashi,https://josuian.jp/,,,確認済み
fo008,福岡 椒房庵 (久原本家),Kubara Honke Saiboan,福岡,九州,食品・調味料,あごだしの老舗,Heritage flying-fish dashi,https://www.kubara.jp/,,,確認済み
fo009,福岡 茅乃舎 (久原),Kayanoya,福岡,九州,食品・調味料,茅乃舎だしブランド,Kayanoya dashi brand,https://www.kayanoya.com/,,,確認済み
fo010,福さ屋 辛子明太子,Fukusaya Mentaiko,福岡,九州,食品・調味料,博多辛子明太子,Hakata spicy cod roe maker,https://www.fukusaya.co.jp/,,,確認済み
fo011,ふくや 明太子,Fukuya Mentaiko,福岡,九州,食品・調味料,明太子発祥の老舗,Heritage origin of mentaiko,https://www.fukuya.com/,,,確認済み
fo012,やまや (明太子),Yamaya Mentaiko,福岡,九州,食品・調味料,福岡明太子の中堅,Mid-size Fukuoka mentaiko,https://www.yamaya.com/,,,確認済み
fo014,小石原焼 早川窯,Hayakawa Koishiwara,福岡,九州,硝子・陶磁器,小石原焼の窯元,Koishiwara-yaki kiln,https://hayakawa-toubou.com/,,,確認済み
fo016,久留米絣 池田絣工房,Ikeda Kurume Kasuri,福岡,九州,アパレル・繊維,久留米絣の老舗,Heritage Kurume kasuri,https://www.ikeda-kasuri.jp/,,,確認済み
fo017,久留米絣 下川織物,Shimokawa Kurume,福岡,九州,アパレル・繊維,久留米絣の織元,Kurume kasuri weaver,https://shimokawaorimono.com/,,,確認済み
fo018,博多曲物 柴田徳商店,Shibata Toku Magemono,福岡,九州,木工・家具,博多曲物の伝統工房,Hakata magemono atelier,https://www.shibatatokushouten.com/,,,
fo019,喜多屋 (酒造),Kitaya Brewery,福岡,九州,酒造,八女の喜多屋蔵元,Yame brewer of Kitaya,https://www.kitaya.co.jp/,,,確認済み
fo020,白糸酒造,Shiraito Brewery,福岡,九州,酒造,糸島の地酒蔵,Itoshima local sake brewer,https://www.shiraito.com/,,,確認済み
fo021,杜の蔵,Mori no Kura,福岡,九州,酒造,久留米の純米酒蔵,Kurume all-junmai brewer,https://www.morinokura.co.jp/,,,確認済み
fo023,株式会社福寿園,Yame Fukujuen,京都,関西,お茶,八女抹茶の名門,Famed Yame matcha,,,,
fo024,八女茶 田中茶舗,Tanaka Chaho Yame,福岡,九州,お茶,八女茶の老舗茶舗,Heritage Yame tea house,http://www.tanakachaho.com,,,
fo025,八女ふくおか茶協同組合,Fukuoka Yame Tea Coop,福岡,九州,お茶,八女茶組合,Yame tea cooperative,https://fukuoka-ochakumiai.jimdofree.com/,,,
fo026,博多曲物 十八代柴田玉樹,Hakata Magemono Tamaki,福岡,九州,木工・家具,博多曲物の若手,Young Hakata magemono,,,,
fo029,博多金物株式会社,Hakata Iron Pan,福岡,九州,刃物・金物,博多の鉄鍋メーカー,Hakata iron pan maker,,,,
sa001,有田焼 香蘭社,Koransha Aritayaki,佐賀,九州,硝子・陶磁器,有田焼の老舗,Heritage Arita porcelain,https://www.koransha.co.jp/,,,確認済み
sa002,有田焼 深川製磁,Fukagawa Seiji,佐賀,九州,硝子・陶磁器,有田焼の宮内庁御用達,"Arita, Imperial Household supplier",https://www.fukagawa-seiji.co.jp/,,,確認済み
sa003,有田焼 源右衛門窯,Gen-emon Kiln,佐賀,九州,硝子・陶磁器,有田焼の老舗窯元,Heritage Arita kiln,https://www.gen-emon.co.jp/,,,確認済み
sa004,有田焼 柿右衛門窯,Kakiemon Kiln,佐賀,九州,硝子・陶磁器,有田焼の人間国宝家系,Arita Living Treasure lineage,https://www.kakiemon.co.jp/,,,確認済み
sa005,有田焼 今右衛門窯,Imaemon Kiln,佐賀,九州,硝子・陶磁器,有田焼の人間国宝家系,Arita Living Treasure lineage,https://imaemon.co.jp/,,,確認済み
sa007,伊万里 畑萬陶苑,Hatamanto-en,佐賀,九州,硝子・陶磁器,鍋島焼の代表窯,Representative Nabeshima kiln,https://hataman.jp/,,,確認済み
sa008,唐津焼 中里太郎右衛門陶房,Nakazato Taroemon Kiln,佐賀,九州,硝子・陶磁器,唐津焼の人間国宝家系,Karatsu Living Treasure lineage,https://www.taroemon.com/,,,確認済み
sa009,唐津焼 隆太窯,Ryuta Kiln Karatsu,佐賀,九州,硝子・陶磁器,唐津焼の名陶,Famed Karatsu kiln,https://www.ryuta-gama.com/,,,確認済み
sa012,小城羊羹 村岡屋,Muraokaya Ogi Yokan,佐賀,九州,食品・調味料,小城羊羹の老舗,Heritage Ogi yokan,https://www.muraokaya.co.jp/,,,確認済み
sa013,丸ぼうろ 北島,Kitajima Marubouro,佐賀,九州,食品・調味料,佐賀丸ぼうろの老舗,Heritage Saga marubouro,https://www.kitajimaya.co.jp/,,,確認済み
sa015,富久千代酒造 (鍋島),Fukuchiyo Brewery (Nabeshima),佐賀,九州,酒造,鹿島の鍋島蔵元,Kashima brewer of Nabeshima,https://nabeshima.co.jp/,,,確認済み
sa016,天山酒造,Tenzan Brewery,佐賀,九州,酒造,小城の地酒蔵,Ogi local sake brewer,https://www.tenzan.co.jp/,,,確認済み
sa017,光武酒造場,Mitsutake Brewery,佐賀,九州,酒造,鹿島の地酒蔵,Kashima local sake,https://www.mitsutake.co.jp/,,,
sa018,嬉野茶 副島園,Soejima-en Ureshino,佐賀,九州,お茶,嬉野茶の老舗茶園,Heritage Ureshino tea grower,https://soejimaen.thebase.in/,,,
sa020,佐賀海苔 佐賀有明海漁協,Saga Ariake Nori,佐賀,九州,食品・調味料,佐賀有明海苔の加工,Saga Ariake nori processor,https://www.jf-sariake.or.jp/,,,
sa021,伊万里・有田焼伝統陶磁器組合,Arita Ceramic Coop,佐賀,九州,硝子・陶磁器,有田焼の組合,Arita ceramic cooperative,https://imari-toujiki.or.jp/,,,
nk001,カステラ 福砂屋,Fukusaya Castella,長崎,九州,食品・調味料,カステラ発祥の老舗,Original castella heritage,https://www.castella.co.jp/,,,確認済み
nk002,カステラ 文明堂総本店,Bunmeido Sohonten,長崎,九州,食品・調味料,長崎カステラの老舗,Heritage Nagasaki castella,https://www.bunmeido.ne.jp/,,,確認済み
nk003,カステラ 松翁軒,Shooken Castella,長崎,九州,食品・調味料,長崎カステラ松翁軒,Nagasaki Shooken castella,https://shooken.com/,,,確認済み
nk004,波佐見焼 マルヒロ,Maruhiro Hasamiyaki,長崎,九州,硝子・陶磁器,波佐見焼のブランド HASAMI,Hasami brand of Hasami-yaki,https://www.hasamiyaki.jp/,,,確認済み
nk005,波佐見焼 西山窯,Nishiyama Hasami Kiln,長崎,九州,硝子・陶磁器,波佐見焼の窯元,Hasami-yaki kiln,https://cf-nishiyama.jp/,,,
nk006,波佐見焼 白山陶器,Hakusan Pottery,長崎,九州,硝子・陶磁器,波佐見焼デザインの代表,Hasami design representative,https://www.hakusan-porcelain.co.jp/,,,確認済み
nk007,三川内焼 平戸洸祥団右ヱ門,Mikawachi Pottery,長崎,九州,硝子・陶磁器,三川内焼の老舗窯元,Heritage Mikawachi kiln,https://www.kohsyo.co.jp/,,,
nk010,長崎ハム,Nagasaki Ham,長崎,九州,食品・調味料,長崎の老舗ハム,Heritage Nagasaki ham,https://meijiyaham.jp/,,,
nk011,五島列島 椿油,Goto Camellia Oil,長崎,九州,化粧品,五島の椿油,Goto camellia oil,https://www.tsubaki-abura.jp/,,,確認済み
nk012,五島手延うどん,Goto Tenobe Udon,長崎,九州,食品・調味料,五島の手延べうどん,Goto hand-stretched udon,https://www.goto-udon.jp/,,,
nk014,福田酒造,Fukuda Brewery,長崎,九州,酒造,平戸の老舗酒蔵,Hirado heritage sake brewer,https://www.fukudashuzou.co.jp/,,,確認済み
nk015,麦焼酎 壱岐の華,Iki no Hana Shochu,長崎,九州,酒造,壱岐の麦焼酎蔵元,Iki barley shochu,https://ikinohana.co.jp/,,,確認済み
nk016,壱岐麦焼酎 玄海酒造,Genkai Shuzo Iki Shochu,長崎,九州,酒造,壱岐麦焼酎の老舗,Heritage Iki barley shochu,https://genkai-sake.com/,,,確認済み
nk017,佐世保バーガー協同組合,Sasebo Burger Coop,長崎,九州,食品・調味料,佐世保バーガーのメーカー,Sasebo burger makers,,,,
km001,肥後象嵌 光助,Kosuke Higo Zogan,熊本,九州,伝統工芸,肥後象嵌の老舗,Heritage Higo zogan inlay,https://www.kosuke-zougan.com/,,,確認済み
km004,フジバンビ (黒糖ドーナツ),Fuji Bambi,熊本,九州,食品・調味料,熊本の黒糖ドーナツ,Kumamoto kokuto donut,https://fuji-bambi.com/,,,確認済み
km005,陣太鼓 お菓子の香梅,Kobai Jintaiko,熊本,九州,食品・調味料,熊本陣太鼓の老舗,Heritage Kumamoto Jintaiko,https://www.kobai.jp/,,,確認済み
km007,高橋酒造 (白岳),Takahashi Brewery (Hakutake),熊本,九州,酒造,人吉の白岳球磨焼酎,Hitoyoshi Kuma shochu,https://hakutake.co.jp/,,,確認済み
km008,球磨焼酎 繊月酒造,Sengetsu Brewery,熊本,九州,酒造,球磨焼酎の老舗,Heritage Kuma shochu,https://sengetsu.co.jp/,,,確認済み
km009,球磨焼酎 鳥飼酒造,Torikai Shuzo,熊本,九州,酒造,球磨米焼酎の老舗,Heritage Kuma rice shochu,https://torikai.jp/,,,確認済み
km010,瑞鷹酒造,Zuiyo Brewery,熊本,九州,酒造,熊本市の老舗酒蔵,Kumamoto heritage sake brewer,https://www.zuiyo.co.jp/,,,確認済み
km012,小代焼 ふもと窯,Fumoto Shodai-yaki,熊本,九州,硝子・陶磁器,小代焼の窯元,Shodai-yaki kiln,,,,
oi001,別府竹細工 大分県竹工芸,Beppu Bamboo Craft,大分,九州,伝統工芸,別府竹細工の老舗,Heritage Beppu bamboo craft,https://www.takeko.jp/,,,確認済み
oi004,由布院ジャム工房,Yufuin Jam Atelier,大分,九州,食品・調味料,湯布院のジャム,Yufuin jam atelier,https://www.kotokotoya.com/,,,
oi007,二階堂酒造 (麦焼酎),Nikaido Shochu,大分,九州,酒造,日出町の麦焼酎蔵,Hiji barley shochu brewer,https://www.nikaido-shuzo.co.jp/,,,確認済み
oi008,三和酒類 (いいちこ),Sanwa Shurui (iichiko),大分,九州,酒造,宇佐の麦焼酎、いいちこ,Usa brewer of iichiko,https://www.iichiko.co.jp/,,,確認済み
oi009,老松酒造,Oimatsu Brewery,大分,九州,酒造,日田の老舗酒蔵,Hita heritage sake brewer,https://www.oimatsu.com/,,,確認済み
oi010,小鹿田焼 坂本工窯,Sakamoto Onta Kiln,大分,九州,硝子・陶磁器,小鹿田焼の伝統窯,Heritage Onta pottery,https://onta-yaki-sakamoto.com/,,,確認済み
mz002,日向夏加工 (上沖産業),Hyuganatsu Citrus,宮崎,九州,食品・調味料,日向夏の加工,Hyuganatsu citrus processor,http://kamioki.starfree.jp/,,,
mz004,霧島酒造 (黒霧島),Kirishima Shuzo,宮崎,九州,酒造,都城の芋焼酎、黒霧島,Miyakonojo brewer of Kuro Kirishima,https://www.kirishima.co.jp/,,,確認済み
mz005,雲海酒造 (そば焼酎),Unkai Shuzo,宮崎,九州,酒造,宮崎のそば焼酎,Miyazaki buckwheat shochu,https://www.unkai.co.jp/,,,確認済み
mz006,櫻の郷酒造,Sakura no Sato Brewery,宮崎,九州,酒造,宮崎の地焼酎蔵,Miyazaki local shochu brewer,https://www.sakuranosato.co.jp/,,,
mz011,高千穂神楽面工房,Takachiho Mask Atelier,宮崎,九州,伝統工芸,高千穂神楽の面工房,Takachiho kagura mask atelier,,,,
mz013,宮崎キャビア工房,Miyazaki Caviar,宮崎,九州,食品・調味料,宮崎の国産キャビア,Miyazaki domestic caviar,https://miyazaki-caviar.com/,,,確認済み
kr001,薩摩切子 島津興業,Satsuma Kiriko Shimadzu,鹿児島,九州,硝子・陶磁器,薩摩切子の現代復興,Modern Satsuma kiriko revival,https://www.satsumakiriko.jp/,,,確認済み
kr003,薩摩焼 沈壽官窯,Chin Jukan Satsuma-yaki,鹿児島,九州,硝子・陶磁器,薩摩焼の名門窯,Famed Satsuma-yaki lineage,https://chin-jukan.co.jp/,,,確認済み
kr004,沈壽官窯,Naeshirogawa Satsuma,鹿児島,九州,硝子・陶磁器,薩摩焼の伝統窯,Satsuma traditional kiln,,,,
kr005,薩摩芋焼酎 西酒造 (薩摩宝山),Nishi Shuzo (Hozan),鹿児島,九州,酒造,日置の芋焼酎、宝山,Hioki brewer of Hozan,https://www.hozan.jp/,,,確認済み
kr006,株式会社黒木本店,Kuroki Brewery (Maou),宮崎,九州,酒造,芋焼酎の幻の蔵元 (※宮崎),Phantom shochu maker (Miyazaki),,,,
kr007,薩摩酒造 (さつま白波),Satsuma Shuzo,鹿児島,九州,酒造,枕崎のさつま白波蔵元,Makurazaki Satsuma Shiranami,https://www.satsuma.co.jp/,,,確認済み
kr008,村尾酒造 (村尾),Murao Brewery,鹿児島,九州,酒造,薩摩川内の村尾蔵元,Satsumasendai brewer of Murao,https://murao-shuzo.jp/,,,確認済み
kr009,小正醸造 (メローコヅル),Komasa Brewery,鹿児島,九州,酒造,日置の焼酎蔵,Hioki shochu brewer,https://www.komasa.co.jp/,,,確認済み
kr010,焼酎の祁答院蒸溜所,Kedoin Distillery,鹿児島,九州,酒造,鹿児島の本格芋焼酎,Kagoshima authentic imo shochu,https://www.imoshochu.com/,,,
kr011,枕崎かつお節 山吉国澤百馬商店,Yamayoshi Katsuobushi,鹿児島,九州,食品・調味料,枕崎かつお節の老舗,Heritage Makurazaki katsuobushi,https://yamayoshi-honten.com/,,,確認済み
kr012,指宿砂むし 砂湯化粧品,Ibusuki Sand Cosmetics,鹿児島,九州,化粧品,指宿温泉化粧品,Ibusuki onsen cosmetics,,,,
kr015,大島紬 工房,Oshima Tsumugi Atelier,鹿児島,九州,アパレル・繊維,奄美大島紬の伝統工芸,Amami Oshima tsumugi,https://oshimatsumugi.com/,,,
kr016,奄美黒糖焼酎 朝日酒造,Asahi Brewery Amami,鹿児島,九州,酒造,奄美の黒糖焼酎蔵,Amami brown-sugar shochu,https://www.kokuto.co.jp/,,,確認済み
kr019,鹿児島茶 知覧,Chiran Tea,鹿児島,九州,お茶,知覧茶の茶園,Chiran tea grower,https://chiran-cha.com/,,,確認済み
ow001,琉球紅型 城間紅型工房,Shiroma Bingata,沖縄,沖縄,アパレル・繊維,琉球紅型の人間国宝家系,Ryukyu bingata Living Treasure,https://shiroma-bingata.com/,,,確認済み
ow002,琉球紅型 知念紅型,Chinen Bingata,沖縄,沖縄,アパレル・繊維,琉球紅型の伝統工房,Ryukyu bingata atelier,https://www.chinenbingata.com/,,,
ow003,琉球ガラス工房 奥原硝子,Okuhara Ryukyu Glass,沖縄,沖縄,硝子・陶磁器,琉球ガラスの老舗,Heritage Ryukyu glass,https://okuhara-glass.com/,,,確認済み
ow004,琉球ガラス 稲嶺盛吉ガラス工房,Inamine Ryukyu Glass,沖縄,沖縄,硝子・陶磁器,琉球ガラスの巨匠,Master of Ryukyu glass,https://inamine-glass.com/,,,確認済み
ow005,琉球ガラス 海風ガラス,Umikaze Ryukyu Glass,沖縄,沖縄,硝子・陶磁器,沖縄のガラス工房,Okinawa glass atelier,https://okinawa-umikaze.com/,,,
ow006,壺屋焼 育陶園,Ikutoen Tsuboya-yaki,沖縄,沖縄,硝子・陶磁器,壺屋焼の老舗窯元,Heritage Tsuboya-yaki,https://www.ikutouen.com/,,,確認済み
ow007,有限会社育陶園,Aragaki Tsuboya,沖縄,沖縄,硝子・陶磁器,壺屋焼の伝統窯,Tsuboya traditional kiln,,,,
ow009,久米島紬 久米島紬の里,Kumejima Tsumugi,沖縄,沖縄,アパレル・繊維,久米島紬の伝統工房,Kumejima tsumugi atelier,https://www.kumejimatsumugi.com/,,,確認済み
ow010,芭蕉布 喜如嘉,Kijoka Bashofu,沖縄,沖縄,アパレル・繊維,喜如嘉の芭蕉布,Kijoka banana-fiber textile,https://kijoka.jp/,,,確認済み
ow011,宮古上布 宮古織物,Miyako Jofu Weaver,沖縄,沖縄,アパレル・繊維,宮古上布の伝統工芸,Miyako jofu textile,https://miyako-joufu.com/,,,
ow012,瑞泉酒造 (泡盛),Zuisen Distillery,沖縄,沖縄,酒造,那覇の泡盛老舗,Heritage Naha awamori,https://www.zuisen.co.jp/,,,確認済み
ow013,久米仙酒造 (泡盛),Kumesen Distillery,沖縄,沖縄,酒造,沖縄泡盛の代表蔵,Representative Okinawa awamori,https://www.k-kumesen.co.jp/,,,確認済み
ow014,忠孝酒造 (泡盛),Chuko Distillery,沖縄,沖縄,酒造,豊見城の泡盛蔵,Tomigusuku awamori brewer,https://chuko-awamori.com/,,,確認済み
ow015,請福酒造 (石垣泡盛),Seifuku Distillery,沖縄,沖縄,酒造,石垣島の泡盛蔵,Ishigaki awamori brewer,https://www.seifuku.co.jp/,,,確認済み
ow016,沖縄 黒糖加工,Okinawa Kokuto,沖縄,沖縄,食品・調味料,離島の黒糖加工,Okinawa islands kokuto sugar,https://www.okinawa-kurozatou.or.jp/,,,
ow017,沖縄ちんすこう 新垣菓子店,Aragaki Chinsuko,沖縄,沖縄,食品・調味料,沖縄ちんすこうの老舗,Heritage Okinawa chinsuko,https://www.chinsuko.co.jp/,,,確認済み
ow018,沖縄塩 ぬちまーす,Nuchimasu Salt,沖縄,沖縄,食品・調味料,沖縄のミネラル塩,Okinawa mineral salt,https://www.nuchima-su.co.jp/,,,確認済み
cos_tk01,江原道 (Koh Gen Do),Koh Gen Do,東京,関東,化粧品,自然派ベースメイクの中堅ブランド,Naturally-formulated base makeup brand,https://www.kohgendo.com/,,,確認済み
cos_tk09,N organic,N organic,東京,関東,化粧品,ナチュラル成分スキンケア,Natural-ingredient skincare brand,https://n-organic.com/,,,確認済み
cos_tk12,MEDIPLUS (メディプラス),MEDIPLUS,東京,関東,化粧品,オールインワン化粧品,All-in-one skincare,https://www.mediplus.co.jp/,,,確認済み
cos_tk13,TUNEMAKERS (チューンメーカーズ),TUNEMAKERS,東京,関東,化粧品,原液美容液の専門ブランド,Pure-extract serum specialist,https://www.tunemakers.net/,,,確認済み
cos_tk17,ジャパン・オーガニック (ドゥーオーガニック),Japan Organic (do organic),東京,関東,化粧品,国産オーガニック認証コスメ,Certified domestic organic cosmetics,https://www.do-organic.com/,,,確認済み
cos_tk19,アディクション (ADDICTION),ADDICTION,東京,関東,化粧品,カラーコスメの専門ブランド,Color-cosmetics specialty brand,https://www.addiction-beauty.com/,,,確認済み
cos_tk21,アユーラ・ラボラトリーズ,Ayura Laboratories,東京,関東,化粧品,ホリスティック化粧品（既存重複あり）,Holistic cosmetics brand,https://www.ayura.co.jp/,,,
cos_ky01,株式会社京都美粧研,Kyoto Biken,京都,関西,化粧品,京の伝統素材コスメ研究,Kyoto heritage-ingredient cosmetics R&D,,,,
cos_kn01,アジュバンコスメジャパン,Adjuvant Cosme Japan,兵庫,関西,化粧品,神戸発サロン専売ブランド,Kobe salon-exclusive cosmetics,https://www.adjuvant.co.jp/,,,確認済み
cos_ym01,ARSOA (アルソア慧央グループ),ARSOA,山梨,中部,化粧品,八ヶ岳の自然派石鹸・化粧品,Yatsugatake natural soap & cosmetics,https://www.arsoa.co.jp/,,,確認済み
cos_gm01,株式会社草津温泉浴剤製造所,Kusatsu Onsen Cosmetics,群馬,関東,化粧品,草津温泉素材コスメ,Kusatsu onsen-source cosmetics,,,,
cos_km01,南阿蘇オーガニック,Aso Mineral Water Cosme,熊本,九州,化粧品,阿蘇のミネラル水コスメ,Aso mineral-water cosmetics,,,,